Workbook

Sheet Сверка
A1: Ежедневная сверка учёта с отчётами PSP
A2: Сентябрь 2026 · 3 PSP · собственный проект на синтетических данных, суммы в рублях
A4: Фильтр PSP: | B4: Все | C4: Порог match rate: | D4: 0.99
A6: Транзакций | B6: Расхождений | C6: Match rate | D6: Открыто / в работе | E6: Сумма открытых
A7: =SUMIFS(data_сверка!$C$2:$C$91,data_сверка!$B$2:$B$91,IF($B$4="Все","*",$B$4)) -> 11738 | B7: =SUMIFS(data_сверка!$D$2:$D$91,data_сверка!$B$2:$B$91,IF($B$4="Все","*",$B$4)) -> 53 | C7: =IFERROR(1-B7/A7,0) -> 0.99548475 | D7: =COUNTIFS(data_журнал!$C$2:$C$54,IF($B$4="Все","*",$B$4),data_журнал!$H$2:$H$54,"<>Закрыто") -> 7 | E7: =SUMIFS(data_журнал!$F$2:$F$54,data_журнал!$C$2:$C$54,IF($B$4="Все","*",$B$4),data_журнал!$H$2:$H$54,"<>Закрыто") -> 56112.32
A10: Итоги по PSP
A11: PSP | B11: Транзакций | C11: Расхождений | D11: Match rate | E11: Ниже порога, дней
A12: PSP Alfa | B12: =SUMIFS(data_сверка!$C$2:$C$91,data_сверка!$B$2:$B$91,$A12) -> 5699 | C12: =SUMIFS(data_сверка!$D$2:$D$91,data_сверка!$B$2:$B$91,$A12) -> 8 | D12: =IFERROR(1-C12/B12,0) -> 0.99859624 | E12: =COUNTIF($H$19:$H$48,"<"&$D$4) -> 1
A13: PSP Beta | B13: =SUMIFS(data_сверка!$C$2:$C$91,data_сверка!$B$2:$B$91,$A13) -> 3866 | C13: =SUMIFS(data_сверка!$D$2:$D$91,data_сверка!$B$2:$B$91,$A13) -> 7 | D13: =IFERROR(1-C13/B13,0) -> 0.99818934 | E13: =COUNTIF($I$19:$I$48,"<"&$D$4) -> 2
A14: PSP Gamma | B14: =SUMIFS(data_сверка!$C$2:$C$91,data_сверка!$B$2:$B$91,$A14) -> 2173 | C14: =SUMIFS(data_сверка!$D$2:$D$91,data_сверка!$B$2:$B$91,$A14) -> 38 | D14: =IFERROR(1-C14/B14,0) -> 0.98251266 | E14: =COUNTIF($J$19:$J$48,"<"&$D$4) -> 22
A16: Расхождения по типам | G16: Match rate по дням
A17: Тип | B17: PSP Alfa | C17: PSP Beta | D17: PSP Gamma
A18: Статус | B18: =COUNTIFS(data_журнал!$E$2:$E$54,$A18,data_журнал!$C$2:$C$54,"PSP Alfa") -> 2 | C18: =COUNTIFS(data_журнал!$E$2:$E$54,$A18,data_журнал!$C$2:$C$54,"PSP Beta") -> 3 | D18: =COUNTIFS(data_журнал!$E$2:$E$54,$A18,data_журнал!$C$2:$C$54,"PSP Gamma") -> 3 | G18: Дата | H18: PSP Alfa | I18: PSP Beta | J18: PSP Gamma
A19: Сумма | B19: =COUNTIFS(data_журнал!$E$2:$E$54,$A19,data_журнал!$C$2:$C$54,"PSP Alfa") -> 1 | C19: =COUNTIFS(data_журнал!$E$2:$E$54,$A19,data_журнал!$C$2:$C$54,"PSP Beta") -> 2 | D19: =COUNTIFS(data_журнал!$E$2:$E$54,$A19,data_журнал!$C$2:$C$54,"PSP Gamma") -> 9 | G19: 46266 | H19: =IFERROR(1-SUMIFS(data_сверка!$D$2:$D$91,data_сверка!$A$2:$A$91,$G19,data_сверка!$B$2:$B$91,"PSP Alfa")/SUMIFS(data_сверка!$C$2:$C$91,data_сверка!$A$2:$A$91,$G19,data_сверка!$B$2:$B$91,"PSP Alfa"),"") -> 1 | I19: =IFERROR(1-SUMIFS(data_сверка!$D$2:$D$91,data_сверка!$A$2:$A$91,$G19,data_сверка!$B$2:$B$91,"PSP Beta")/SUMIFS(data_сверка!$C$2:$C$91,data_сверка!$A$2:$A$91,$G19,data_сверка!$B$2:$B$91,"PSP Beta"),"") -> 1 | J19: =IFERROR(1-SUMIFS(data_сверка!$D$2:$D$91,data_сверка!$A$2:$A$91,$G19,data_сверка!$B$2:$B$91,"PSP Gamma")/SUMIFS(data_сверка!$C$2:$C$91,data_сверка!$A$2:$A$91,$G19,data_сверка!$B$2:$B$91,"PSP Gamma"),"") -> 0.98701299
A20: Комиссия | B20: =COUNTIFS(data_журнал!$E$2:$E$54,$A20,data_журнал!$C$2:$C$54,"PSP Alfa") -> 2 | C20: =COUNTIFS(data_журнал!$E$2:$E$54,$A20,data_журнал!$C$2:$C$54,"PSP Beta") -> 0 | D20: =COUNTIFS(data_журнал!$E$2:$E$54,$A20,data_журнал!$C$2:$C$54,"PSP Gamma") -> 10 | G20: 46267 | H20: =IFERROR(1-SUMIFS(data_сверка!$D$2:$D$91,data_сверка!$A$2:$A$91,$G20,data_сверка!$B$2:$B$91,"PSP Alfa")/SUMIFS(data_сверка!$C$2:$C$91,data_сверка!$A$2:$A$91,$G20,data_сверка!$B$2:$B$91,"PSP Alfa"),"") -> 1 | I20: =IFERROR(1-SUMIFS(data_сверка!$D$2:$D$91,data_сверка!$A$2:$A$91,$G20,data_сверка!$B$2:$B$91,"PSP Beta")/SUMIFS(data_сверка!$C$2:$C$91,data_сверка!$A$2:$A$91,$G20,data_сверка!$B$2:$B$91,"PSP Beta"),"") -> 1 | J20: =IFERROR(1-SUMIFS(data_сверка!$D$2:$D$91,data_сверка!$A$2:$A$91,$G20,data_сверка!$B$2:$B$91,"PSP Gamma")/SUMIFS(data_сверка!$C$2:$C$91,data_сверка!$A$2:$A$91,$G20,data_сверка!$B$2:$B$91,"PSP Gamma"),"") -> 0.984375
A21: Нет у PSP | B21: =COUNTIFS(data_журнал!$E$2:$E$54,$A21,data_журнал!$C$2:$C$54,"PSP Alfa") -> 2 | C21: =COUNTIFS(data_журнал!$E$2:$E$54,$A21,data_журнал!$C$2:$C$54,"PSP Beta") -> 1 | D21: =COUNTIFS(data_журнал!$E$2:$E$54,$A21,data_журнал!$C$2:$C$54,"PSP Gamma") -> 7 | G21: 46268 | H21: =IFERROR(1-SUMIFS(data_сверка!$D$2:$D$91,data_сверка!$A$2:$A$91,$G21,data_сверка!$B$2:$B$91,"PSP Alfa")/SUMIFS(data_сверка!$C$2:$C$91,data_сверка!$A$2:$A$91,$G21,data_сверка!$B$2:$B$91,"PSP Alfa"),"") -> 1 | I21: =IFERROR(1-SUMIFS(data_сверка!$D$2:$D$91,data_сверка!$A$2:$A$91,$G21,data_сверка!$B$2:$B$91,"PSP Beta")/SUMIFS(data_сверка!$C$2:$C$91,data_сверка!$A$2:$A$91,$G21,data_сверка!$B$2:$B$91,"PSP Beta"),"") -> 1 | J21: =IFERROR(1-SUMIFS(data_сверка!$D$2:$D$91,data_сверка!$A$2:$A$91,$G21,data_сверка!$B$2:$B$91,"PSP Gamma")/SUMIFS(data_сверка!$C$2:$C$91,data_сверка!$A$2:$A$91,$G21,data_сверка!$B$2:$B$91,"PSP Gamma"),"") -> 0.9875
A22: Нет в учёте | B22: =COUNTIFS(data_журнал!$E$2:$E$54,$A22,data_журнал!$C$2:$C$54,"PSP Alfa") -> 1 | C22: =COUNTIFS(data_журнал!$E$2:$E$54,$A22,data_журнал!$C$2:$C$54,"PSP Beta") -> 1 | D22: =COUNTIFS(data_журнал!$E$2:$E$54,$A22,data_журнал!$C$2:$C$54,"PSP Gamma") -> 9 | G22: 46269 | H22: =IFERROR(1-SUMIFS(data_сверка!$D$2:$D$91,data_сверка!$A$2:$A$91,$G22,data_сверка!$B$2:$B$91,"PSP Alfa")/SUMIFS(data_сверка!$C$2:$C$91,data_сверка!$A$2:$A$91,$G22,data_сверка!$B$2:$B$91,"PSP Alfa"),"") -> 1 | I22: =IFERROR(1-SUMIFS(data_сверка!$D$2:$D$91,data_сверка!$A$2:$A$91,$G22,data_сверка!$B$2:$B$91,"PSP Beta")/SUMIFS(data_сверка!$C$2:$C$91,data_сверка!$A$2:$A$91,$G22,data_сверка!$B$2:$B$91,"PSP Beta"),"") -> 1 | J22: =IFERROR(1-SUMIFS(data_сверка!$D$2:$D$91,data_сверка!$A$2:$A$91,$G22,data_сверка!$B$2:$B$91,"PSP Gamma")/SUMIFS(data_сверка!$C$2:$C$91,data_сверка!$A$2:$A$91,$G22,data_сверка!$B$2:$B$91,"PSP Gamma"),"") -> 1
G23: 46270 | H23: =IFERROR(1-SUMIFS(data_сверка!$D$2:$D$91,data_сверка!$A$2:$A$91,$G23,data_сверка!$B$2:$B$91,"PSP Alfa")/SUMIFS(data_сверка!$C$2:$C$91,data_сверка!$A$2:$A$91,$G23,data_сверка!$B$2:$B$91,"PSP Alfa"),"") -> 1 | I23: =IFERROR(1-SUMIFS(data_сверка!$D$2:$D$91,data_сверка!$A$2:$A$91,$G23,data_сверка!$B$2:$B$91,"PSP Beta")/SUMIFS(data_сверка!$C$2:$C$91,data_сверка!$A$2:$A$91,$G23,data_сверка!$B$2:$B$91,"PSP Beta"),"") -> 1 | J23: =IFERROR(1-SUMIFS(data_сверка!$D$2:$D$91,data_сверка!$A$2:$A$91,$G23,data_сверка!$B$2:$B$91,"PSP Gamma")/SUMIFS(data_сверка!$C$2:$C$91,data_сверка!$A$2:$A$91,$G23,data_сверка!$B$2:$B$91,"PSP Gamma"),"") -> 1
G24: 46271 | H24: =IFERROR(1-SUMIFS(data_сверка!$D$2:$D$91,data_сверка!$A$2:$A$91,$G24,data_сверка!$B$2:$B$91,"PSP Alfa")/SUMIFS(data_сверка!$C$2:$C$91,data_сверка!$A$2:$A$91,$G24,data_сверка!$B$2:$B$91,"PSP Alfa"),"") -> 1 | I24: =IFERROR(1-SUMIFS(data_сверка!$D$2:$D$91,data_сверка!$A$2:$A$91,$G24,data_сверка!$B$2:$B$91,"PSP Beta")/SUMIFS(data_сверка!$C$2:$C$91,data_сверка!$A$2:$A$91,$G24,data_сверка!$B$2:$B$91,"PSP Beta"),"") -> 1 | J24: =IFERROR(1-SUMIFS(data_сверка!$D$2:$D$91,data_сверка!$A$2:$A$91,$G24,data_сверка!$B$2:$B$91,"PSP Gamma")/SUMIFS(data_сверка!$C$2:$C$91,data_сверка!$A$2:$A$91,$G24,data_сверка!$B$2:$B$91,"PSP Gamma"),"") -> 0.97333333
A25: Как читать: желтые ячейки — фильтр и порог, их можно менять. Красным подсвечены дни и PSP ниже порога. | G25: 46272 | H25: =IFERROR(1-SUMIFS(data_сверка!$D$2:$D$91,data_сверка!$A$2:$A$91,$G25,data_сверка!$B$2:$B$91,"PSP Alfa")/SUMIFS(data_сверка!$C$2:$C$91,data_сверка!$A$2:$A$91,$G25,data_сверка!$B$2:$B$91,"PSP Alfa"),"") -> 1 | I25: =IFERROR(1-SUMIFS(data_сверка!$D$2:$D$91,data_сверка!$A$2:$A$91,$G25,data_сверка!$B$2:$B$91,"PSP Beta")/SUMIFS(data_сверка!$C$2:$C$91,data_сверка!$A$2:$A$91,$G25,data_сверка!$B$2:$B$91,"PSP Beta"),"") -> 1 | J25: =IFERROR(1-SUMIFS(data_сверка!$D$2:$D$91,data_сверка!$A$2:$A$91,$G25,data_сверка!$B$2:$B$91,"PSP Gamma")/SUMIFS(data_сверка!$C$2:$C$91,data_сверка!$A$2:$A$91,$G25,data_сверка!$B$2:$B$91,"PSP Gamma"),"") -> 0.953125
G26: 46273 | H26: =IFERROR(1-SUMIFS(data_сверка!$D$2:$D$91,data_сверка!$A$2:$A$91,$G26,data_сверка!$B$2:$B$91,"PSP Alfa")/SUMIFS(data_сверка!$C$2:$C$91,data_сверка!$A$2:$A$91,$G26,data_сверка!$B$2:$B$91,"PSP Alfa"),"") -> 1 | I26: =IFERROR(1-SUMIFS(data_сверка!$D$2:$D$91,data_сверка!$A$2:$A$91,$G26,data_сверка!$B$2:$B$91,"PSP Beta")/SUMIFS(data_сверка!$C$2:$C$91,data_сверка!$A$2:$A$91,$G26,data_сверка!$B$2:$B$91,"PSP Beta"),"") -> 1 | J26: =IFERROR(1-SUMIFS(data_сверка!$D$2:$D$91,data_сверка!$A$2:$A$91,$G26,data_сверка!$B$2:$B$91,"PSP Gamma")/SUMIFS(data_сверка!$C$2:$C$91,data_сверка!$A$2:$A$91,$G26,data_сверка!$B$2:$B$91,"PSP Gamma"),"") -> 0.98360656
G27: 46274 | H27: =IFERROR(1-SUMIFS(data_сверка!$D$2:$D$91,data_сверка!$A$2:$A$91,$G27,data_сверка!$B$2:$B$91,"PSP Alfa")/SUMIFS(data_сверка!$C$2:$C$91,data_сверка!$A$2:$A$91,$G27,data_сверка!$B$2:$B$91,"PSP Alfa"),"") -> 1 | I27: =IFERROR(1-SUMIFS(data_сверка!$D$2:$D$91,data_сверка!$A$2:$A$91,$G27,data_сверка!$B$2:$B$91,"PSP Beta")/SUMIFS(data_сверка!$C$2:$C$91,data_сверка!$A$2:$A$91,$G27,data_сверка!$B$2:$B$91,"PSP Beta"),"") -> 1 | J27: =IFERROR(1-SUMIFS(data_сверка!$D$2:$D$91,data_сверка!$A$2:$A$91,$G27,data_сверка!$B$2:$B$91,"PSP Gamma")/SUMIFS(data_сверка!$C$2:$C$91,data_сверка!$A$2:$A$91,$G27,data_сверка!$B$2:$B$91,"PSP Gamma"),"") -> 0.98387097
G28: 46275 | H28: =IFERROR(1-SUMIFS(data_сверка!$D$2:$D$91,data_сверка!$A$2:$A$91,$G28,data_сверка!$B$2:$B$91,"PSP Alfa")/SUMIFS(data_сверка!$C$2:$C$91,data_сверка!$A$2:$A$91,$G28,data_сверка!$B$2:$B$91,"PSP Alfa"),"") -> 0.9952381 | I28: =IFERROR(1-SUMIFS(data_сверка!$D$2:$D$91,data_сверка!$A$2:$A$91,$G28,data_сверка!$B$2:$B$91,"PSP Beta")/SUMIFS(data_сверка!$C$2:$C$91,data_сверка!$A$2:$A$91,$G28,data_сверка!$B$2:$B$91,"PSP Beta"),"") -> 1 | J28: =IFERROR(1-SUMIFS(data_сверка!$D$2:$D$91,data_сверка!$A$2:$A$91,$G28,data_сверка!$B$2:$B$91,"PSP Gamma")/SUMIFS(data_сверка!$C$2:$C$91,data_сверка!$A$2:$A$91,$G28,data_сверка!$B$2:$B$91,"PSP Gamma"),"") -> 1
G29: 46276 | H29: =IFERROR(1-SUMIFS(data_сверка!$D$2:$D$91,data_сверка!$A$2:$A$91,$G29,data_сверка!$B$2:$B$91,"PSP Alfa")/SUMIFS(data_сверка!$C$2:$C$91,data_сверка!$A$2:$A$91,$G29,data_сверка!$B$2:$B$91,"PSP Alfa"),"") -> 0.98701299 | I29: =IFERROR(1-SUMIFS(data_сверка!$D$2:$D$91,data_сверка!$A$2:$A$91,$G29,data_сверка!$B$2:$B$91,"PSP Beta")/SUMIFS(data_сверка!$C$2:$C$91,data_сверка!$A$2:$A$91,$G29,data_сверка!$B$2:$B$91,"PSP Beta"),"") -> 1 | J29: =IFERROR(1-SUMIFS(data_сверка!$D$2:$D$91,data_сверка!$A$2:$A$91,$G29,data_сверка!$B$2:$B$91,"PSP Gamma")/SUMIFS(data_сверка!$C$2:$C$91,data_сверка!$A$2:$A$91,$G29,data_сверка!$B$2:$B$91,"PSP Gamma"),"") -> 0.96923077
G30: 46277 | H30: =IFERROR(1-SUMIFS(data_сверка!$D$2:$D$91,data_сверка!$A$2:$A$91,$G30,data_сверка!$B$2:$B$91,"PSP Alfa")/SUMIFS(data_сверка!$C$2:$C$91,data_сверка!$A$2:$A$91,$G30,data_сверка!$B$2:$B$91,"PSP Alfa"),"") -> 1 | I30: =IFERROR(1-SUMIFS(data_сверка!$D$2:$D$91,data_сверка!$A$2:$A$91,$G30,data_сверка!$B$2:$B$91,"PSP Beta")/SUMIFS(data_сверка!$C$2:$C$91,data_сверка!$A$2:$A$91,$G30,data_сверка!$B$2:$B$91,"PSP Beta"),"") -> 1 | J30: =IFERROR(1-SUMIFS(data_сверка!$D$2:$D$91,data_сверка!$A$2:$A$91,$G30,data_сверка!$B$2:$B$91,"PSP Gamma")/SUMIFS(data_сверка!$C$2:$C$91,data_сверка!$A$2:$A$91,$G30,data_сверка!$B$2:$B$91,"PSP Gamma"),"") -> 0.98571429
G31: 46278 | H31: =IFERROR(1-SUMIFS(data_сверка!$D$2:$D$91,data_сверка!$A$2:$A$91,$G31,data_сверка!$B$2:$B$91,"PSP Alfa")/SUMIFS(data_сверка!$C$2:$C$91,data_сверка!$A$2:$A$91,$G31,data_сверка!$B$2:$B$91,"PSP Alfa"),"") -> 1 | I31: =IFERROR(1-SUMIFS(data_сверка!$D$2:$D$91,data_сверка!$A$2:$A$91,$G31,data_сверка!$B$2:$B$91,"PSP Beta")/SUMIFS(data_сверка!$C$2:$C$91,data_сверка!$A$2:$A$91,$G31,data_сверка!$B$2:$B$91,"PSP Beta"),"") -> 1 | J31: =IFERROR(1-SUMIFS(data_сверка!$D$2:$D$91,data_сверка!$A$2:$A$91,$G31,data_сверка!$B$2:$B$91,"PSP Gamma")/SUMIFS(data_сверка!$C$2:$C$91,data_сверка!$A$2:$A$91,$G31,data_сверка!$B$2:$B$91,"PSP Gamma"),"") -> 0.97530864
G32: 46279 | H32: =IFERROR(1-SUMIFS(data_сверка!$D$2:$D$91,data_сверка!$A$2:$A$91,$G32,data_сверка!$B$2:$B$91,"PSP Alfa")/SUMIFS(data_сверка!$C$2:$C$91,data_сверка!$A$2:$A$91,$G32,data_сверка!$B$2:$B$91,"PSP Alfa"),"") -> 1 | I32: =IFERROR(1-SUMIFS(data_сверка!$D$2:$D$91,data_сверка!$A$2:$A$91,$G32,data_сверка!$B$2:$B$91,"PSP Beta")/SUMIFS(data_сверка!$C$2:$C$91,data_сверка!$A$2:$A$91,$G32,data_сверка!$B$2:$B$91,"PSP Beta"),"") -> 1 | J32: =IFERROR(1-SUMIFS(data_сверка!$D$2:$D$91,data_сверка!$A$2:$A$91,$G32,data_сверка!$B$2:$B$91,"PSP Gamma")/SUMIFS(data_сверка!$C$2:$C$91,data_сверка!$A$2:$A$91,$G32,data_сверка!$B$2:$B$91,"PSP Gamma"),"") -> 0.97101449
G33: 46280 | H33: =IFERROR(1-SUMIFS(data_сверка!$D$2:$D$91,data_сверка!$A$2:$A$91,$G33,data_сверка!$B$2:$B$91,"PSP Alfa")/SUMIFS(data_сверка!$C$2:$C$91,data_сверка!$A$2:$A$91,$G33,data_сверка!$B$2:$B$91,"PSP Alfa"),"") -> 1 | I33: =IFERROR(1-SUMIFS(data_сверка!$D$2:$D$91,data_сверка!$A$2:$A$91,$G33,data_сверка!$B$2:$B$91,"PSP Beta")/SUMIFS(data_сверка!$C$2:$C$91,data_сверка!$A$2:$A$91,$G33,data_сверка!$B$2:$B$91,"PSP Beta"),"") -> 1 | J33: =IFERROR(1-SUMIFS(data_сверка!$D$2:$D$91,data_сверка!$A$2:$A$91,$G33,data_сверка!$B$2:$B$91,"PSP Gamma")/SUMIFS(data_сверка!$C$2:$C$91,data_сверка!$A$2:$A$91,$G33,data_сверка!$B$2:$B$91,"PSP Gamma"),"") -> 0.92647059
G34: 46281 | H34: =IFERROR(1-SUMIFS(data_сверка!$D$2:$D$91,data_сверка!$A$2:$A$91,$G34,data_сверка!$B$2:$B$91,"PSP Alfa")/SUMIFS(data_сверка!$C$2:$C$91,data_сверка!$A$2:$A$91,$G34,data_сверка!$B$2:$B$91,"PSP Alfa"),"") -> 1 | I34: =IFERROR(1-SUMIFS(data_сверка!$D$2:$D$91,data_сверка!$A$2:$A$91,$G34,data_сверка!$B$2:$B$91,"PSP Beta")/SUMIFS(data_сверка!$C$2:$C$91,data_сверка!$A$2:$A$91,$G34,data_сверка!$B$2:$B$91,"PSP Beta"),"") -> 0.98373984 | J34: =IFERROR(1-SUMIFS(data_сверка!$D$2:$D$91,data_сверка!$A$2:$A$91,$G34,data_сверка!$B$2:$B$91,"PSP Gamma")/SUMIFS(data_сверка!$C$2:$C$91,data_сверка!$A$2:$A$91,$G34,data_сверка!$B$2:$B$91,"PSP Gamma"),"") -> 0.96721311
G35: 46282 | H35: =IFERROR(1-SUMIFS(data_сверка!$D$2:$D$91,data_сверка!$A$2:$A$91,$G35,data_сверка!$B$2:$B$91,"PSP Alfa")/SUMIFS(data_сверка!$C$2:$C$91,data_сверка!$A$2:$A$91,$G35,data_сверка!$B$2:$B$91,"PSP Alfa"),"") -> 1 | I35: =IFERROR(1-SUMIFS(data_сверка!$D$2:$D$91,data_сверка!$A$2:$A$91,$G35,data_сверка!$B$2:$B$91,"PSP Beta")/SUMIFS(data_сверка!$C$2:$C$91,data_сверка!$A$2:$A$91,$G35,data_сверка!$B$2:$B$91,"PSP Beta"),"") -> 0.98449612 | J35: =IFERROR(1-SUMIFS(data_сверка!$D$2:$D$91,data_сверка!$A$2:$A$91,$G35,data_сверка!$B$2:$B$91,"PSP Gamma")/SUMIFS(data_сверка!$C$2:$C$91,data_сверка!$A$2:$A$91,$G35,data_сверка!$B$2:$B$91,"PSP Gamma"),"") -> 0.975
G36: 46283 | H36: =IFERROR(1-SUMIFS(data_сверка!$D$2:$D$91,data_сверка!$A$2:$A$91,$G36,data_сверка!$B$2:$B$91,"PSP Alfa")/SUMIFS(data_сверка!$C$2:$C$91,data_сверка!$A$2:$A$91,$G36,data_сверка!$B$2:$B$91,"PSP Alfa"),"") -> 1 | I36: =IFERROR(1-SUMIFS(data_сверка!$D$2:$D$91,data_сверка!$A$2:$A$91,$G36,data_сверка!$B$2:$B$91,"PSP Beta")/SUMIFS(data_сверка!$C$2:$C$91,data_сверка!$A$2:$A$91,$G36,data_сверка!$B$2:$B$91,"PSP Beta"),"") -> 1 | J36: =IFERROR(1-SUMIFS(data_сверка!$D$2:$D$91,data_сверка!$A$2:$A$91,$G36,data_сверка!$B$2:$B$91,"PSP Gamma")/SUMIFS(data_сверка!$C$2:$C$91,data_сверка!$A$2:$A$91,$G36,data_сверка!$B$2:$B$91,"PSP Gamma"),"") -> 1
G37: 46284 | H37: =IFERROR(1-SUMIFS(data_сверка!$D$2:$D$91,data_сверка!$A$2:$A$91,$G37,data_сверка!$B$2:$B$91,"PSP Alfa")/SUMIFS(data_сверка!$C$2:$C$91,data_сверка!$A$2:$A$91,$G37,data_сверка!$B$2:$B$91,"PSP Alfa"),"") -> 0.99494949 | I37: =IFERROR(1-SUMIFS(data_сверка!$D$2:$D$91,data_сверка!$A$2:$A$91,$G37,data_сверка!$B$2:$B$91,"PSP Beta")/SUMIFS(data_сверка!$C$2:$C$91,data_сверка!$A$2:$A$91,$G37,data_сверка!$B$2:$B$91,"PSP Beta"),"") -> 0.99350649 | J37: =IFERROR(1-SUMIFS(data_сверка!$D$2:$D$91,data_сверка!$A$2:$A$91,$G37,data_сверка!$B$2:$B$91,"PSP Gamma")/SUMIFS(data_сверка!$C$2:$C$91,data_сверка!$A$2:$A$91,$G37,data_сверка!$B$2:$B$91,"PSP Gamma"),"") -> 0.97802198
... G48: 46295 | H48: =IFERROR(1-SUMIFS(data_сверка!$D$2:$D$91,data_сверка!$A$2:$A$91,$G48,data_сверка!$B$2:$B$91,"PSP Alfa")/SUMIFS(data_сверка!$C$2:$C$91,data_сверка!$A$2:$A$91,$G48,data_сверка!$B$2:$B$91,"PSP Alfa"),"") -> 1 | I48: =IFERROR(1-SUMIFS(data_сверка!$D$2:$D$91,data_сверка!$A$2:$A$91,$G48,data_сверка!$B$2:$B$91,"PSP Beta")/SUMIFS(data_сверка!$C$2:$C$91,data_сверка!$A$2:$A$91,$G48,data_сверка!$B$2:$B$91,"PSP Beta"),"") -> 1 | J48: =IFERROR(1-SUMIFS(data_сверка!$D$2:$D$91,data_сверка!$A$2:$A$91,$G48,data_сверка!$B$2:$B$91,"PSP Gamma")/SUMIFS(data_сверка!$C$2:$C$91,data_сверка!$A$2:$A$91,$G48,data_сверка!$B$2:$B$91,"PSP Gamma"),"") -> 0.97333333

Sheet Журнал
A1: Журнал расхождений
A2: Каждое расхождение проходит путь «обнаружено → причина → закрыто». Статус и причину заполняет аналитик.
A4: Статус: | B4: Все
A6: Номер | B6: Дата | C6: PSP | D6: ID транзакции | E6: Тип | F6: Сумма, ₽ | G6: Причина | H6: Статус
A7: =IF(OR($B$4="Все",data_журнал!$H$2=$B$4),data_журнал!A2,"") -> BR-001 | B7: =IF(OR($B$4="Все",data_журнал!$H$2=$B$4),data_журнал!B2,"") -> 46266 | C7: =IF(OR($B$4="Все",data_журнал!$H$2=$B$4),data_журнал!C2,"") -> PSP Gamma | D7: =IF(OR($B$4="Все",data_журнал!$H$2=$B$4),data_журнал!D2,"") -> GAM-0901-0000 | E7: =IF(OR($B$4="Все",data_журнал!$H$2=$B$4),data_журнал!E2,"") -> Нет в учёте | F7: =IF(OR($B$4="Все",data_журнал!$H$2=$B$4),data_журнал!F2,"") -> 10601.75 | G7: =IF(OR($B$4="Все",data_журнал!$H$2=$B$4),data_журнал!G2,"") -> Возврат (refund) не загрузился во внутренний учёт | H7: =IF(OR($B$4="Все",data_журнал!$H$2=$B$4),data_журнал!H2,"") -> Закрыто
A8: =IF(OR($B$4="Все",data_журнал!$H$3=$B$4),data_журнал!A3,"") -> BR-002 | B8: =IF(OR($B$4="Все",data_журнал!$H$3=$B$4),data_журнал!B3,"") -> 46267 | C8: =IF(OR($B$4="Все",data_журнал!$H$3=$B$4),data_журнал!C3,"") -> PSP Gamma | D8: =IF(OR($B$4="Все",data_журнал!$H$3=$B$4),data_журнал!D3,"") -> GAM-0902-0000 | E8: =IF(OR($B$4="Все",data_журнал!$H$3=$B$4),data_журнал!E3,"") -> Нет у PSP | F8: =IF(OR($B$4="Все",data_журнал!$H$3=$B$4),data_журнал!F3,"") -> 11527.01 | G8: =IF(OR($B$4="Все",data_журнал!$H$3=$B$4),data_журнал!G3,"") -> Транзакция попала в выписку следующего дня (cut-off) | H8: =IF(OR($B$4="Все",data_журнал!$H$3=$B$4),data_журнал!H3,"") -> Закрыто
A9: =IF(OR($B$4="Все",data_журнал!$H$4=$B$4),data_журнал!A4,"") -> BR-003 | B9: =IF(OR($B$4="Все",data_журнал!$H$4=$B$4),data_журнал!B4,"") -> 46268 | C9: =IF(OR($B$4="Все",data_журнал!$H$4=$B$4),data_журнал!C4,"") -> PSP Gamma | D9: =IF(OR($B$4="Все",data_журнал!$H$4=$B$4),data_журнал!D4,"") -> GAM-0903-0000 | E9: =IF(OR($B$4="Все",data_журнал!$H$4=$B$4),data_журнал!E4,"") -> Нет у PSP | F9: =IF(OR($B$4="Все",data_журнал!$H$4=$B$4),data_журнал!F4,"") -> 12598.96 | G9: =IF(OR($B$4="Все",data_журнал!$H$4=$B$4),data_журнал!G4,"") -> Транзакция попала в выписку следующего дня (cut-off) | H9: =IF(OR($B$4="Все",data_журнал!$H$4=$B$4),data_журнал!H4,"") -> Закрыто
A10: =IF(OR($B$4="Все",data_журнал!$H$5=$B$4),data_журнал!A5,"") -> BR-004 | B10: =IF(OR($B$4="Все",data_журнал!$H$5=$B$4),data_журнал!B5,"") -> 46271 | C10: =IF(OR($B$4="Все",data_журнал!$H$5=$B$4),data_журнал!C5,"") -> PSP Gamma | D10: =IF(OR($B$4="Все",data_журнал!$H$5=$B$4),data_журнал!D5,"") -> GAM-0906-0000 | E10: =IF(OR($B$4="Все",data_журнал!$H$5=$B$4),data_журнал!E5,"") -> Комиссия | F10: =IF(OR($B$4="Все",data_журнал!$H$5=$B$4),data_журнал!F5,"") -> 888.5 | G10: =IF(OR($B$4="Все",data_журнал!$H$5=$B$4),data_журнал!G5,"") -> PSP применил старую тарифную сетку | H10: =IF(OR($B$4="Все",data_журнал!$H$5=$B$4),data_журнал!H5,"") -> Закрыто
A11: =IF(OR($B$4="Все",data_журнал!$H$6=$B$4),data_журнал!A6,"") -> BR-005 | B11: =IF(OR($B$4="Все",data_журнал!$H$6=$B$4),data_журнал!B6,"") -> 46271 | C11: =IF(OR($B$4="Все",data_журнал!$H$6=$B$4),data_журнал!C6,"") -> PSP Gamma | D11: =IF(OR($B$4="Все",data_журнал!$H$6=$B$4),data_журнал!D6,"") -> GAM-0906-0001 | E11: =IF(OR($B$4="Все",data_журнал!$H$6=$B$4),data_журнал!E6,"") -> Нет в учёте | F11: =IF(OR($B$4="Все",data_журнал!$H$6=$B$4),data_журнал!F6,"") -> 15744 | G11: =IF(OR($B$4="Все",data_журнал!$H$6=$B$4),data_журнал!G6,"") -> Возврат (refund) не загрузился во внутренний учёт | H11: =IF(OR($B$4="Все",data_журнал!$H$6=$B$4),data_журнал!H6,"") -> Закрыто
A12: =IF(OR($B$4="Все",data_журнал!$H$7=$B$4),data_журнал!A7,"") -> BR-006 | B12: =IF(OR($B$4="Все",data_журнал!$H$7=$B$4),data_журнал!B7,"") -> 46272 | C12: =IF(OR($B$4="Все",data_журнал!$H$7=$B$4),data_журнал!C7,"") -> PSP Gamma | D12: =IF(OR($B$4="Все",data_журнал!$H$7=$B$4),data_журнал!D7,"") -> GAM-0907-0000 | E12: =IF(OR($B$4="Все",data_журнал!$H$7=$B$4),data_журнал!E7,"") -> Нет в учёте | F12: =IF(OR($B$4="Все",data_журнал!$H$7=$B$4),data_журнал!F7,"") -> 9718.19 | G12: =IF(OR($B$4="Все",data_журнал!$H$7=$B$4),data_журнал!G7,"") -> Возврат (refund) не загрузился во внутренний учёт | H12: =IF(OR($B$4="Все",data_журнал!$H$7=$B$4),data_журнал!H7,"") -> Закрыто
A13: =IF(OR($B$4="Все",data_журнал!$H$8=$B$4),data_журнал!A8,"") -> BR-007 | B13: =IF(OR($B$4="Все",data_журнал!$H$8=$B$4),data_журнал!B8,"") -> 46272 | C13: =IF(OR($B$4="Все",data_журнал!$H$8=$B$4),data_журнал!C8,"") -> PSP Gamma | D13: =IF(OR($B$4="Все",data_журнал!$H$8=$B$4),data_журнал!D8,"") -> GAM-0907-0001 | E13: =IF(OR($B$4="Все",data_журнал!$H$8=$B$4),data_журнал!E8,"") -> Сумма | F13: =IF(OR($B$4="Все",data_журнал!$H$8=$B$4),data_журнал!F8,"") -> 1727.97 | G13: =IF(OR($B$4="Все",data_журнал!$H$8=$B$4),data_журнал!G8,"") -> Частичный возврат у PSP не отражён во внутреннем учёте | H13: =IF(OR($B$4="Все",data_журнал!$H$8=$B$4),data_журнал!H8,"") -> Закрыто
A14: =IF(OR($B$4="Все",data_журнал!$H$9=$B$4),data_журнал!A9,"") -> BR-008 | B14: =IF(OR($B$4="Все",data_журнал!$H$9=$B$4),data_журнал!B9,"") -> 46272 | C14: =IF(OR($B$4="Все",data_журнал!$H$9=$B$4),data_журнал!C9,"") -> PSP Gamma | D14: =IF(OR($B$4="Все",data_журнал!$H$9=$B$4),data_журнал!D9,"") -> GAM-0907-0002 | E14: =IF(OR($B$4="Все",data_журнал!$H$9=$B$4),data_журнал!E9,"") -> Комиссия | F14: =IF(OR($B$4="Все",data_журнал!$H$9=$B$4),data_журнал!F9,"") -> 635.96 | G14: =IF(OR($B$4="Все",data_журнал!$H$9=$B$4),data_журнал!G9,"") -> PSP применил старую тарифную сетку | H14: =IF(OR($B$4="Все",data_журнал!$H$9=$B$4),data_журнал!H9,"") -> Закрыто
A15: =IF(OR($B$4="Все",data_журнал!$H$10=$B$4),data_журнал!A10,"") -> BR-009 | B15: =IF(OR($B$4="Все",data_журнал!$H$10=$B$4),data_журнал!B10,"") -> 46273 | C15: =IF(OR($B$4="Все",data_журнал!$H$10=$B$4),data_журнал!C10,"") -> PSP Gamma | D15: =IF(OR($B$4="Все",data_журнал!$H$10=$B$4),data_журнал!D10,"") -> GAM-0908-0000 | E15: =IF(OR($B$4="Все",data_журнал!$H$10=$B$4),data_журнал!E10,"") -> Нет в учёте | F15: =IF(OR($B$4="Все",data_журнал!$H$10=$B$4),data_журнал!F10,"") -> 14693.71 | G15: =IF(OR($B$4="Все",data_журнал!$H$10=$B$4),data_журнал!G10,"") -> Возврат (refund) не загрузился во внутренний учёт | H15: =IF(OR($B$4="Все",data_журнал!$H$10=$B$4),data_журнал!H10,"") -> Закрыто
A16: =IF(OR($B$4="Все",data_журнал!$H$11=$B$4),data_журнал!A11,"") -> BR-010 | B16: =IF(OR($B$4="Все",data_журнал!$H$11=$B$4),data_журнал!B11,"") -> 46274 | C16: =IF(OR($B$4="Все",data_журнал!$H$11=$B$4),data_журнал!C11,"") -> PSP Gamma | D16: =IF(OR($B$4="Все",data_журнал!$H$11=$B$4),data_журнал!D11,"") -> GAM-0909-0000 | E16: =IF(OR($B$4="Все",data_журнал!$H$11=$B$4),data_журнал!E11,"") -> Комиссия | F16: =IF(OR($B$4="Все",data_журнал!$H$11=$B$4),data_журнал!F11,"") -> 352.9 | G16: =IF(OR($B$4="Все",data_журнал!$H$11=$B$4),data_журнал!G11,"") -> PSP применил старую тарифную сетку | H16: =IF(OR($B$4="Все",data_журнал!$H$11=$B$4),data_журнал!H11,"") -> Закрыто
A17: =IF(OR($B$4="Все",data_журнал!$H$12=$B$4),data_журнал!A12,"") -> BR-011 | B17: =IF(OR($B$4="Все",data_журнал!$H$12=$B$4),data_журнал!B12,"") -> 46275 | C17: =IF(OR($B$4="Все",data_журнал!$H$12=$B$4),data_журнал!C12,"") -> PSP Alfa | D17: =IF(OR($B$4="Все",data_журнал!$H$12=$B$4),data_журнал!D12,"") -> ALF-0910-0000 | E17: =IF(OR($B$4="Все",data_журнал!$H$12=$B$4),data_журнал!E12,"") -> Сумма | F17: =IF(OR($B$4="Все",data_журнал!$H$12=$B$4),data_журнал!F12,"") -> 1866.01 | G17: =IF(OR($B$4="Все",data_журнал!$H$12=$B$4),data_журнал!G12,"") -> Частичный возврат у PSP не отражён во внутреннем учёте | H17: =IF(OR($B$4="Все",data_журнал!$H$12=$B$4),data_журнал!H12,"") -> Закрыто
A18: =IF(OR($B$4="Все",data_журнал!$H$13=$B$4),data_журнал!A13,"") -> BR-012 | B18: =IF(OR($B$4="Все",data_журнал!$H$13=$B$4),data_журнал!B13,"") -> 46276 | C18: =IF(OR($B$4="Все",data_журнал!$H$13=$B$4),data_журнал!C13,"") -> PSP Alfa | D18: =IF(OR($B$4="Все",data_журнал!$H$13=$B$4),data_журнал!D13,"") -> ALF-0911-0000 | E18: =IF(OR($B$4="Все",data_журнал!$H$13=$B$4),data_журнал!E13,"") -> Нет в учёте | F18: =IF(OR($B$4="Все",data_журнал!$H$13=$B$4),data_журнал!F13,"") -> 18992.04 | G18: =IF(OR($B$4="Все",data_журнал!$H$13=$B$4),data_журнал!G13,"") -> Возврат (refund) не загрузился во внутренний учёт | H18: =IF(OR($B$4="Все",data_журнал!$H$13=$B$4),data_журнал!H13,"") -> Закрыто
A19: =IF(OR($B$4="Все",data_журнал!$H$14=$B$4),data_журнал!A14,"") -> BR-013 | B19: =IF(OR($B$4="Все",data_журнал!$H$14=$B$4),data_журнал!B14,"") -> 46276 | C19: =IF(OR($B$4="Все",data_журнал!$H$14=$B$4),data_журнал!C14,"") -> PSP Alfa | D19: =IF(OR($B$4="Все",data_журнал!$H$14=$B$4),data_журнал!D14,"") -> ALF-0911-0001 | E19: =IF(OR($B$4="Все",data_журнал!$H$14=$B$4),data_журнал!E14,"") -> Статус | F19: =IF(OR($B$4="Все",data_журнал!$H$14=$B$4),data_журнал!F14,"") -> 20467.64 | G19: =IF(OR($B$4="Все",data_журнал!$H$14=$B$4),data_журнал!G14,"") -> Таймаут: у нас success, у PSP failed — PSP подтвердил позже | H19: =IF(OR($B$4="Все",data_журнал!$H$14=$B$4),data_журнал!H14,"") -> Закрыто
A20: =IF(OR($B$4="Все",data_журнал!$H$15=$B$4),data_журнал!A15,"") -> BR-014 | B20: =IF(OR($B$4="Все",data_журнал!$H$15=$B$4),data_журнал!B15,"") -> 46276 | C20: =IF(OR($B$4="Все",data_журнал!$H$15=$B$4),data_журнал!C15,"") -> PSP Gamma | D20: =IF(OR($B$4="Все",data_журнал!$H$15=$B$4),data_журнал!D15,"") -> GAM-0911-0000 | E20: =IF(OR($B$4="Все",data_журнал!$H$15=$B$4),data_журнал!E15,"") -> Комиссия | F20: =IF(OR($B$4="Все",data_журнал!$H$15=$B$4),data_журнал!F15,"") -> 889.42 | G20: =IF(OR($B$4="Все",data_журнал!$H$15=$B$4),data_журнал!G15,"") -> PSP применил старую тарифную сетку | H20: =IF(OR($B$4="Все",data_журнал!$H$15=$B$4),data_журнал!H15,"") -> Закрыто
A21: =IF(OR($B$4="Все",data_журнал!$H$16=$B$4),data_журнал!A16,"") -> BR-015 | B21: =IF(OR($B$4="Все",data_журнал!$H$16=$B$4),data_журнал!B16,"") -> 46276 | C21: =IF(OR($B$4="Все",data_журнал!$H$16=$B$4),data_журнал!C16,"") -> PSP Gamma | D21: =IF(OR($B$4="Все",data_журнал!$H$16=$B$4),data_журнал!D16,"") -> GAM-0911-0001 | E21: =IF(OR($B$4="Все",data_журнал!$H$16=$B$4),data_журнал!E16,"") -> Нет в учёте | F21: =IF(OR($B$4="Все",data_журнал!$H$16=$B$4),data_журнал!F16,"") -> 5269.25 | G21: =IF(OR($B$4="Все",data_журнал!$H$16=$B$4),data_журнал!G16,"") -> Возврат (refund) не загрузился во внутренний учёт | H21: =IF(OR($B$4="Все",data_журнал!$H$16=$B$4),data_журнал!H16,"") -> Закрыто
A22: =IF(OR($B$4="Все",data_журнал!$H$17=$B$4),data_журнал!A17,"") -> BR-016 | B22: =IF(OR($B$4="Все",data_журнал!$H$17=$B$4),data_журнал!B17,"") -> 46277 | C22: =IF(OR($B$4="Все",data_журнал!$H$17=$B$4),data_журнал!C17,"") -> PSP Gamma | D22: =IF(OR($B$4="Все",data_журнал!$H$17=$B$4),data_журнал!D17,"") -> GAM-0912-0000 | E22: =IF(OR($B$4="Все",data_журнал!$H$17=$B$4),data_журнал!E17,"") -> Сумма | F22: =IF(OR($B$4="Все",data_журнал!$H$17=$B$4),data_журнал!F17,"") -> 2592.94 | G22: =IF(OR($B$4="Все",data_журнал!$H$17=$B$4),data_журнал!G17,"") -> Частичный возврат у PSP не отражён во внутреннем учёте | H22: =IF(OR($B$4="Все",data_журнал!$H$17=$B$4),data_журнал!H17,"") -> Закрыто
A23: =IF(OR($B$4="Все",data_журнал!$H$18=$B$4),data_журнал!A18,"") -> BR-017 | B23: =IF(OR($B$4="Все",data_журнал!$H$18=$B$4),data_журнал!B18,"") -> 46278 | C23: =IF(OR($B$4="Все",data_журнал!$H$18=$B$4),data_журнал!C18,"") -> PSP Gamma | D23: =IF(OR($B$4="Все",data_журнал!$H$18=$B$4),data_журнал!D18,"") -> GAM-0913-0000 | E23: =IF(OR($B$4="Все",data_журнал!$H$18=$B$4),data_журнал!E18,"") -> Нет у PSP | F23: =IF(OR($B$4="Все",data_журнал!$H$18=$B$4),data_журнал!F18,"") -> 13860.2 | G23: =IF(OR($B$4="Все",data_журнал!$H$18=$B$4),data_журнал!G18,"") -> Транзакция попала в выписку следующего дня (cut-off) | H23: =IF(OR($B$4="Все",data_журнал!$H$18=$B$4),data_журнал!H18,"") -> Закрыто
A24: =IF(OR($B$4="Все",data_журнал!$H$19=$B$4),data_журнал!A19,"") -> BR-018 | B24: =IF(OR($B$4="Все",data_журнал!$H$19=$B$4),data_журнал!B19,"") -> 46278 | C24: =IF(OR($B$4="Все",data_журнал!$H$19=$B$4),data_журнал!C19,"") -> PSP Gamma | D24: =IF(OR($B$4="Все",data_журнал!$H$19=$B$4),data_журнал!D19,"") -> GAM-0913-0001 | E24: =IF(OR($B$4="Все",data_журнал!$H$19=$B$4),data_журнал!E19,"") -> Нет у PSP | F24: =IF(OR($B$4="Все",data_журнал!$H$19=$B$4),data_журнал!F19,"") -> 13273.4 | G24: =IF(OR($B$4="Все",data_журнал!$H$19=$B$4),data_журнал!G19,"") -> Транзакция попала в выписку следующего дня (cut-off) | H24: =IF(OR($B$4="Все",data_журнал!$H$19=$B$4),data_журнал!H19,"") -> Закрыто
A25: =IF(OR($B$4="Все",data_журнал!$H$20=$B$4),data_журнал!A20,"") -> BR-019 | B25: =IF(OR($B$4="Все",data_журнал!$H$20=$B$4),data_журнал!B20,"") -> 46279 | C25: =IF(OR($B$4="Все",data_журнал!$H$20=$B$4),data_журнал!C20,"") -> PSP Gamma | D25: =IF(OR($B$4="Все",data_журнал!$H$20=$B$4),data_журнал!D20,"") -> GAM-0914-0000 | E25: =IF(OR($B$4="Все",data_журнал!$H$20=$B$4),data_журнал!E20,"") -> Сумма | F25: =IF(OR($B$4="Все",data_журнал!$H$20=$B$4),data_журнал!F20,"") -> 1385.08 | G25: =IF(OR($B$4="Все",data_журнал!$H$20=$B$4),data_журнал!G20,"") -> Частичный возврат у PSP не отражён во внутреннем учёте | H25: =IF(OR($B$4="Все",data_журнал!$H$20=$B$4),data_журнал!H20,"") -> Закрыто
A26: =IF(OR($B$4="Все",data_журнал!$H$21=$B$4),data_журнал!A21,"") -> BR-020 | B26: =IF(OR($B$4="Все",data_журнал!$H$21=$B$4),data_журнал!B21,"") -> 46279 | C26: =IF(OR($B$4="Все",data_журнал!$H$21=$B$4),data_журнал!C21,"") -> PSP Gamma | D26: =IF(OR($B$4="Все",data_журнал!$H$21=$B$4),data_журнал!D21,"") -> GAM-0914-0001 | E26: =IF(OR($B$4="Все",data_журнал!$H$21=$B$4),data_журнал!E21,"") -> Нет в учёте | F26: =IF(OR($B$4="Все",data_журнал!$H$21=$B$4),data_журнал!F21,"") -> 4159.91 | G26: =IF(OR($B$4="Все",data_журнал!$H$21=$B$4),data_журнал!G21,"") -> Возврат (refund) не загрузился во внутренний учёт | H26: =IF(OR($B$4="Все",data_журнал!$H$21=$B$4),data_журнал!H21,"") -> Закрыто
A27: =IF(OR($B$4="Все",data_журнал!$H$22=$B$4),data_журнал!A22,"") -> BR-021 | B27: =IF(OR($B$4="Все",data_журнал!$H$22=$B$4),data_журнал!B22,"") -> 46280 | C27: =IF(OR($B$4="Все",data_журнал!$H$22=$B$4),data_журнал!C22,"") -> PSP Gamma | D27: =IF(OR($B$4="Все",data_журнал!$H$22=$B$4),data_журнал!D22,"") -> GAM-0915-0000 | E27: =IF(OR($B$4="Все",data_журнал!$H$22=$B$4),data_журнал!E22,"") -> Сумма | F27: =IF(OR($B$4="Все",data_журнал!$H$22=$B$4),data_журнал!F22,"") -> 1419.52 | G27: =IF(OR($B$4="Все",data_журнал!$H$22=$B$4),data_журнал!G22,"") -> Частичный возврат у PSP не отражён во внутреннем учёте | H27: =IF(OR($B$4="Все",data_журнал!$H$22=$B$4),data_журнал!H22,"") -> Закрыто
A28: =IF(OR($B$4="Все",data_журнал!$H$23=$B$4),data_журнал!A23,"") -> BR-022 | B28: =IF(OR($B$4="Все",data_журнал!$H$23=$B$4),data_журнал!B23,"") -> 46280 | C28: =IF(OR($B$4="Все",data_журнал!$H$23=$B$4),data_журнал!C23,"") -> PSP Gamma | D28: =IF(OR($B$4="Все",data_журнал!$H$23=$B$4),data_журнал!D23,"") -> GAM-0915-0001 | E28: =IF(OR($B$4="Все",data_журнал!$H$23=$B$4),data_журнал!E23,"") -> Комиссия | F28: =IF(OR($B$4="Все",data_журнал!$H$23=$B$4),data_журнал!F23,"") -> 391.21 | G28: =IF(OR($B$4="Все",data_журнал!$H$23=$B$4),data_журнал!G23,"") -> PSP применил старую тарифную сетку | H28: =IF(OR($B$4="Все",data_журнал!$H$23=$B$4),data_журнал!H23,"") -> Закрыто
A29: =IF(OR($B$4="Все",data_журнал!$H$24=$B$4),data_журнал!A24,"") -> BR-023 | B29: =IF(OR($B$4="Все",data_журнал!$H$24=$B$4),data_журнал!B24,"") -> 46280 | C29: =IF(OR($B$4="Все",data_журнал!$H$24=$B$4),data_журнал!C24,"") -> PSP Gamma | D29: =IF(OR($B$4="Все",data_журнал!$H$24=$B$4),data_журнал!D24,"") -> GAM-0915-0002 | E29: =IF(OR($B$4="Все",data_журнал!$H$24=$B$4),data_журнал!E24,"") -> Комиссия | F29: =IF(OR($B$4="Все",data_журнал!$H$24=$B$4),data_журнал!F24,"") -> 721.8 | G29: =IF(OR($B$4="Все",data_журнал!$H$24=$B$4),data_журнал!G24,"") -> PSP применил старую тарифную сетку | H29: =IF(OR($B$4="Все",data_журнал!$H$24=$B$4),data_журнал!H24,"") -> Закрыто
A30: =IF(OR($B$4="Все",data_журнал!$H$25=$B$4),data_журнал!A25,"") -> BR-024 | B30: =IF(OR($B$4="Все",data_журнал!$H$25=$B$4),data_журнал!B25,"") -> 46280 | C30: =IF(OR($B$4="Все",data_журнал!$H$25=$B$4),data_журнал!C25,"") -> PSP Gamma | D30: =IF(OR($B$4="Все",data_журнал!$H$25=$B$4),data_журнал!D25,"") -> GAM-0915-0003 | E30: =IF(OR($B$4="Все",data_журнал!$H$25=$B$4),data_журнал!E25,"") -> Сумма | F30: =IF(OR($B$4="Все",data_журнал!$H$25=$B$4),data_журнал!F25,"") -> 332.32 | G30: =IF(OR($B$4="Все",data_журнал!$H$25=$B$4),data_журнал!G25,"") -> Частичный возврат у PSP не отражён во внутреннем учёте | H30: =IF(OR($B$4="Все",data_журнал!$H$25=$B$4),data_журнал!H25,"") -> Закрыто
A31: =IF(OR($B$4="Все",data_журнал!$H$26=$B$4),data_журнал!A26,"") -> BR-025 | B31: =IF(OR($B$4="Все",data_журнал!$H$26=$B$4),data_журнал!B26,"") -> 46280 | C31: =IF(OR($B$4="Все",data_журнал!$H$26=$B$4),data_журнал!C26,"") -> PSP Gamma | D31: =IF(OR($B$4="Все",data_журнал!$H$26=$B$4),data_журнал!D26,"") -> GAM-0915-0004 | E31: =IF(OR($B$4="Все",data_журнал!$H$26=$B$4),data_журнал!E26,"") -> Сумма | F31: =IF(OR($B$4="Все",data_журнал!$H$26=$B$4),data_журнал!F26,"") -> 2681.83 | G31: =IF(OR($B$4="Все",data_журнал!$H$26=$B$4),data_журнал!G26,"") -> Частичный возврат у PSP не отражён во внутреннем учёте | H31: =IF(OR($B$4="Все",data_журнал!$H$26=$B$4),data_журнал!H26,"") -> Закрыто
A32: =IF(OR($B$4="Все",data_журнал!$H$27=$B$4),data_журнал!A27,"") -> BR-026 | B32: =IF(OR($B$4="Все",data_журнал!$H$27=$B$4),data_журнал!B27,"") -> 46281 | C32: =IF(OR($B$4="Все",data_журнал!$H$27=$B$4),data_журнал!C27,"") -> PSP Beta | D32: =IF(OR($B$4="Все",data_журнал!$H$27=$B$4),data_журнал!D27,"") -> BET-0916-0000 | E32: =IF(OR($B$4="Все",data_журнал!$H$27=$B$4),data_журнал!E27,"") -> Статус | F32: =IF(OR($B$4="Все",data_журнал!$H$27=$B$4),data_журнал!F27,"") -> 29215.29 | G32: =IF(OR($B$4="Все",data_журнал!$H$27=$B$4),data_журнал!G27,"") -> Таймаут: у нас success, у PSP failed — PSP подтвердил позже | H32: =IF(OR($B$4="Все",data_журнал!$H$27=$B$4),data_журнал!H27,"") -> Закрыто
A33: =IF(OR($B$4="Все",data_журнал!$H$28=$B$4),data_журнал!A28,"") -> BR-027 | B33: =IF(OR($B$4="Все",data_журнал!$H$28=$B$4),data_журнал!B28,"") -> 46281 | C33: =IF(OR($B$4="Все",data_журнал!$H$28=$B$4),data_журнал!C28,"") -> PSP Beta | D33: =IF(OR($B$4="Все",data_журнал!$H$28=$B$4),data_журнал!D28,"") -> BET-0916-0001 | E33: =IF(OR($B$4="Все",data_журнал!$H$28=$B$4),data_журнал!E28,"") -> Статус | F33: =IF(OR($B$4="Все",data_журнал!$H$28=$B$4),data_журнал!F28,"") -> 30570.85 | G33: =IF(OR($B$4="Все",data_журнал!$H$28=$B$4),data_журнал!G28,"") -> Таймаут: у нас success, у PSP failed — PSP подтвердил позже | H33: =IF(OR($B$4="Все",data_журнал!$H$28=$B$4),data_журнал!H28,"") -> Закрыто
A34: =IF(OR($B$4="Все",data_журнал!$H$29=$B$4),data_журнал!A29,"") -> BR-028 | B34: =IF(OR($B$4="Все",data_журнал!$H$29=$B$4),data_журнал!B29,"") -> 46281 | C34: =IF(OR($B$4="Все",data_журнал!$H$29=$B$4),data_журнал!C29,"") -> PSP Gamma | D34: =IF(OR($B$4="Все",data_журнал!$H$29=$B$4),data_журнал!D29,"") -> GAM-0916-0000 | E34: =IF(OR($B$4="Все",data_журнал!$H$29=$B$4),data_журнал!E29,"") -> Сумма | F34: =IF(OR($B$4="Все",data_журнал!$H$29=$B$4),data_журнал!F29,"") -> 2654.51 | G34: =IF(OR($B$4="Все",data_журнал!$H$29=$B$4),data_журнал!G29,"") -> Частичный возврат у PSP не отражён во внутреннем учёте | H34: =IF(OR($B$4="Все",data_журнал!$H$29=$B$4),data_журнал!H29,"") -> Закрыто
A35: =IF(OR($B$4="Все",data_журнал!$H$30=$B$4),data_журнал!A30,"") -> BR-029 | B35: =IF(OR($B$4="Все",data_журнал!$H$30=$B$4),data_журнал!B30,"") -> 46281 | C35: =IF(OR($B$4="Все",data_журнал!$H$30=$B$4),data_журнал!C30,"") -> PSP Gamma | D35: =IF(OR($B$4="Все",data_журнал!$H$30=$B$4),data_журнал!D30,"") -> GAM-0916-0001 | E35: =IF(OR($B$4="Все",data_журнал!$H$30=$B$4),data_журнал!E30,"") -> Нет в учёте | F35: =IF(OR($B$4="Все",data_журнал!$H$30=$B$4),data_журнал!F30,"") -> 1148.64 | G35: =IF(OR($B$4="Все",data_журнал!$H$30=$B$4),data_журнал!G30,"") -> Возврат (refund) не загрузился во внутренний учёт | H35: =IF(OR($B$4="Все",data_журнал!$H$30=$B$4),data_журнал!H30,"") -> Закрыто
A36: =IF(OR($B$4="Все",data_журнал!$H$31=$B$4),data_журнал!A31,"") -> BR-030 | B36: =IF(OR($B$4="Все",data_журнал!$H$31=$B$4),data_журнал!B31,"") -> 46282 | C36: =IF(OR($B$4="Все",data_журнал!$H$31=$B$4),data_журнал!C31,"") -> PSP Beta | D36: =IF(OR($B$4="Все",data_журнал!$H$31=$B$4),data_журнал!D31,"") -> BET-0917-0000 | E36: =IF(OR($B$4="Все",data_журнал!$H$31=$B$4),data_журнал!E31,"") -> Статус | F36: =IF(OR($B$4="Все",data_журнал!$H$31=$B$4),data_журнал!F31,"") -> 6386.29 | G36: =IF(OR($B$4="Все",data_журнал!$H$31=$B$4),data_журнал!G31,"") -> Таймаут: у нас success, у PSP failed — PSP подтвердил позже | H36: =IF(OR($B$4="Все",data_журнал!$H$31=$B$4),data_журнал!H31,"") -> Закрыто
A37: =IF(OR($B$4="Все",data_журнал!$H$32=$B$4),data_журнал!A32,"") -> BR-031 | B37: =IF(OR($B$4="Все",data_журнал!$H$32=$B$4),data_журнал!B32,"") -> 46282 | C37: =IF(OR($B$4="Все",data_журнал!$H$32=$B$4),data_журнал!C32,"") -> PSP Beta | D37: =IF(OR($B$4="Все",data_журнал!$H$32=$B$4),data_журнал!D32,"") -> BET-0917-0001 | E37: =IF(OR($B$4="Все",data_журнал!$H$32=$B$4),data_журнал!E32,"") -> Нет у PSP | F37: =IF(OR($B$4="Все",data_журнал!$H$32=$B$4),data_журнал!F32,"") -> 15678.89 | G37: =IF(OR($B$4="Все",data_журнал!$H$32=$B$4),data_журнал!G32,"") -> Транзакция попала в выписку следующего дня (cut-off) | H37: =IF(OR($B$4="Все",data_журнал!$H$32=$B$4),data_журнал!H32,"") -> Закрыто
A38: =IF(OR($B$4="Все",data_журнал!$H$33=$B$4),data_журнал!A33,"") -> BR-032 | B38: =IF(OR($B$4="Все",data_журнал!$H$33=$B$4),data_журнал!B33,"") -> 46282 | C38: =IF(OR($B$4="Все",data_журнал!$H$33=$B$4),data_журнал!C33,"") -> PSP Gamma | D38: =IF(OR($B$4="Все",data_журнал!$H$33=$B$4),data_журнал!D33,"") -> GAM-0917-0000 | E38: =IF(OR($B$4="Все",data_журнал!$H$33=$B$4),data_журнал!E33,"") -> Комиссия | F38: =IF(OR($B$4="Все",data_журнал!$H$33=$B$4),data_журнал!F33,"") -> 936.79 | G38: =IF(OR($B$4="Все",data_журнал!$H$33=$B$4),data_журнал!G33,"") -> PSP применил старую тарифную сетку | H38: =IF(OR($B$4="Все",data_журнал!$H$33=$B$4),data_журнал!H33,"") -> Закрыто
A39: =IF(OR($B$4="Все",data_журнал!$H$34=$B$4),data_журнал!A34,"") -> BR-033 | B39: =IF(OR($B$4="Все",data_журнал!$H$34=$B$4),data_журнал!B34,"") -> 46282 | C39: =IF(OR($B$4="Все",data_журнал!$H$34=$B$4),data_журнал!C34,"") -> PSP Gamma | D39: =IF(OR($B$4="Все",data_журнал!$H$34=$B$4),data_журнал!D34,"") -> GAM-0917-0001 | E39: =IF(OR($B$4="Все",data_журнал!$H$34=$B$4),data_журнал!E34,"") -> Нет у PSP | F39: =IF(OR($B$4="Все",data_журнал!$H$34=$B$4),data_журнал!F34,"") -> 4106.83 | G39: =IF(OR($B$4="Все",data_журнал!$H$34=$B$4),data_журнал!G34,"") -> Транзакция попала в выписку следующего дня (cut-off) | H39: =IF(OR($B$4="Все",data_журнал!$H$34=$B$4),data_журнал!H34,"") -> Закрыто
A40: =IF(OR($B$4="Все",data_журнал!$H$35=$B$4),data_журнал!A35,"") -> BR-034 | B40: =IF(OR($B$4="Все",data_журнал!$H$35=$B$4),data_журнал!B35,"") -> 46284 | C40: =IF(OR($B$4="Все",data_журнал!$H$35=$B$4),data_журнал!C35,"") -> PSP Alfa | D40: =IF(OR($B$4="Все",data_журнал!$H$35=$B$4),data_журнал!D35,"") -> ALF-0919-0000 | E40: =IF(OR($B$4="Все",data_журнал!$H$35=$B$4),data_журнал!E35,"") -> Нет у PSP | F40: =IF(OR($B$4="Все",data_журнал!$H$35=$B$4),data_журнал!F35,"") -> 8986.83 | G40: =IF(OR($B$4="Все",data_журнал!$H$35=$B$4),data_журнал!G35,"") -> Транзакция попала в выписку следующего дня (cut-off) | H40: =IF(OR($B$4="Все",data_журнал!$H$35=$B$4),data_журнал!H35,"") -> Закрыто
A41: =IF(OR($B$4="Все",data_журнал!$H$36=$B$4),data_журнал!A36,"") -> BR-035 | B41: =IF(OR($B$4="Все",data_журнал!$H$36=$B$4),data_журнал!B36,"") -> 46284 | C41: =IF(OR($B$4="Все",data_журнал!$H$36=$B$4),data_журнал!C36,"") -> PSP Beta | D41: =IF(OR($B$4="Все",data_журнал!$H$36=$B$4),data_журнал!D36,"") -> BET-0919-0000 | E41: =IF(OR($B$4="Все",data_журнал!$H$36=$B$4),data_журнал!E36,"") -> Сумма | F41: =IF(OR($B$4="Все",data_журнал!$H$36=$B$4),data_журнал!F36,"") -> 548.2 | G41: =IF(OR($B$4="Все",data_журнал!$H$36=$B$4),data_журнал!G36,"") -> Частичный возврат у PSP не отражён во внутреннем учёте | H41: =IF(OR($B$4="Все",data_журнал!$H$36=$B$4),data_журнал!H36,"") -> Закрыто
A42: =IF(OR($B$4="Все",data_журнал!$H$37=$B$4),data_журнал!A37,"") -> BR-036 | B42: =IF(OR($B$4="Все",data_журнал!$H$37=$B$4),data_журнал!B37,"") -> 46284 | C42: =IF(OR($B$4="Все",data_журнал!$H$37=$B$4),data_журнал!C37,"") -> PSP Gamma | D42: =IF(OR($B$4="Все",data_журнал!$H$37=$B$4),data_журнал!D37,"") -> GAM-0919-0000 | E42: =IF(OR($B$4="Все",data_журнал!$H$37=$B$4),data_журнал!E37,"") -> Статус | F42: =IF(OR($B$4="Все",data_журнал!$H$37=$B$4),data_журнал!F37,"") -> 29989.45 | G42: =IF(OR($B$4="Все",data_журнал!$H$37=$B$4),data_журнал!G37,"") -> Таймаут: у нас success, у PSP failed — PSP подтвердил позже | H42: =IF(OR($B$4="Все",data_журнал!$H$37=$B$4),data_журнал!H37,"") -> Закрыто
A43: =IF(OR($B$4="Все",data_журнал!$H$38=$B$4),data_журнал!A38,"") -> BR-037 | B43: =IF(OR($B$4="Все",data_журнал!$H$38=$B$4),data_журнал!B38,"") -> 46284 | C43: =IF(OR($B$4="Все",data_журнал!$H$38=$B$4),data_журнал!C38,"") -> PSP Gamma | D43: =IF(OR($B$4="Все",data_журнал!$H$38=$B$4),data_журнал!D38,"") -> GAM-0919-0001 | E43: =IF(OR($B$4="Все",data_журнал!$H$38=$B$4),data_журнал!E38,"") -> Нет у PSP | F43: =IF(OR($B$4="Все",data_журнал!$H$38=$B$4),data_журнал!F38,"") -> 26420.67 | G43: =IF(OR($B$4="Все",data_журнал!$H$38=$B$4),data_журнал!G38,"") -> Транзакция попала в выписку следующего дня (cut-off) | H43: =IF(OR($B$4="Все",data_журнал!$H$38=$B$4),data_журнал!H38,"") -> Закрыто
A44: =IF(OR($B$4="Все",data_журнал!$H$39=$B$4),data_журнал!A39,"") -> BR-038 | B44: =IF(OR($B$4="Все",data_журнал!$H$39=$B$4),data_журнал!B39,"") -> 46285 | C44: =IF(OR($B$4="Все",data_журнал!$H$39=$B$4),data_журнал!C39,"") -> PSP Alfa | D44: =IF(OR($B$4="Все",data_журнал!$H$39=$B$4),data_журнал!D39,"") -> ALF-0920-0000 | E44: =IF(OR($B$4="Все",data_журнал!$H$39=$B$4),data_журнал!E39,"") -> Комиссия | F44: =IF(OR($B$4="Все",data_журнал!$H$39=$B$4),data_журнал!F39,"") -> 311.73 | G44: =IF(OR($B$4="Все",data_журнал!$H$39=$B$4),data_журнал!G39,"") -> PSP применил старую тарифную сетку | H44: =IF(OR($B$4="Все",data_журнал!$H$39=$B$4),data_журнал!H39,"") -> Закрыто
A45: =IF(OR($B$4="Все",data_журнал!$H$40=$B$4),data_журнал!A40,"") -> BR-039 | B45: =IF(OR($B$4="Все",data_журнал!$H$40=$B$4),data_журнал!B40,"") -> 46285 | C45: =IF(OR($B$4="Все",data_журнал!$H$40=$B$4),data_журнал!C40,"") -> PSP Beta | D45: =IF(OR($B$4="Все",data_журнал!$H$40=$B$4),data_журнал!D40,"") -> BET-0920-0000 | E45: =IF(OR($B$4="Все",data_журнал!$H$40=$B$4),data_журнал!E40,"") -> Нет в учёте | F45: =IF(OR($B$4="Все",data_журнал!$H$40=$B$4),data_журнал!F40,"") -> 11188.1 | G45: =IF(OR($B$4="Все",data_журнал!$H$40=$B$4),data_журнал!G40,"") -> Возврат (refund) не загрузился во внутренний учёт | H45: =IF(OR($B$4="Все",data_журнал!$H$40=$B$4),data_журнал!H40,"") -> Закрыто
A46: =IF(OR($B$4="Все",data_журнал!$H$41=$B$4),data_журнал!A41,"") -> BR-040 | B46: =IF(OR($B$4="Все",data_журнал!$H$41=$B$4),data_журнал!B41,"") -> 46286 | C46: =IF(OR($B$4="Все",data_журнал!$H$41=$B$4),data_журнал!C41,"") -> PSP Gamma | D46: =IF(OR($B$4="Все",data_журнал!$H$41=$B$4),data_журнал!D41,"") -> GAM-0921-0000 | E46: =IF(OR($B$4="Все",data_журнал!$H$41=$B$4),data_журнал!E41,"") -> Нет у PSP | F46: =IF(OR($B$4="Все",data_журнал!$H$41=$B$4),data_журнал!F41,"") -> 12785.47 | G46: =IF(OR($B$4="Все",data_журнал!$H$41=$B$4),data_журнал!G41,"") -> Транзакция попала в выписку следующего дня (cut-off) | H46: =IF(OR($B$4="Все",data_журнал!$H$41=$B$4),data_журнал!H41,"") -> Закрыто
A47: =IF(OR($B$4="Все",data_журнал!$H$42=$B$4),data_журнал!A42,"") -> BR-041 | B47: =IF(OR($B$4="Все",data_журнал!$H$42=$B$4),data_журнал!B42,"") -> 46287 | C47: =IF(OR($B$4="Все",data_журнал!$H$42=$B$4),data_журнал!C42,"") -> PSP Alfa | D47: =IF(OR($B$4="Все",data_журнал!$H$42=$B$4),data_журнал!D42,"") -> ALF-0922-0000 | E47: =IF(OR($B$4="Все",data_журнал!$H$42=$B$4),data_журнал!E42,"") -> Статус | F47: =IF(OR($B$4="Все",data_журнал!$H$42=$B$4),data_журнал!F42,"") -> 37171.86 | G47: =IF(OR($B$4="Все",data_журнал!$H$42=$B$4),data_журнал!G42,"") -> Таймаут: у нас success, у PSP failed — PSP подтвердил позже | H47: =IF(OR($B$4="Все",data_журнал!$H$42=$B$4),data_журнал!H42,"") -> Закрыто
A48: =IF(OR($B$4="Все",data_журнал!$H$43=$B$4),data_журнал!A43,"") -> BR-042 | B48: =IF(OR($B$4="Все",data_журнал!$H$43=$B$4),data_журнал!B43,"") -> 46288 | C48: =IF(OR($B$4="Все",data_журнал!$H$43=$B$4),data_журнал!C43,"") -> PSP Alfa | D48: =IF(OR($B$4="Все",data_журнал!$H$43=$B$4),data_журнал!D43,"") -> ALF-0923-0000 | E48: =IF(OR($B$4="Все",data_журнал!$H$43=$B$4),data_журнал!E43,"") -> Комиссия | F48: =IF(OR($B$4="Все",data_журнал!$H$43=$B$4),data_журнал!F43,"") -> 519.65 | G48: =IF(OR($B$4="Все",data_журнал!$H$43=$B$4),data_журнал!G43,"") -> PSP применил старую тарифную сетку | H48: =IF(OR($B$4="Все",data_журнал!$H$43=$B$4),data_журнал!H43,"") -> Закрыто
A49: =IF(OR($B$4="Все",data_журнал!$H$44=$B$4),data_журнал!A44,"") -> BR-043 | B49: =IF(OR($B$4="Все",data_журнал!$H$44=$B$4),data_журнал!B44,"") -> 46288 | C49: =IF(OR($B$4="Все",data_журнал!$H$44=$B$4),data_журнал!C44,"") -> PSP Gamma | D49: =IF(OR($B$4="Все",data_журнал!$H$44=$B$4),data_журнал!D44,"") -> GAM-0923-0000 | E49: =IF(OR($B$4="Все",data_журнал!$H$44=$B$4),data_журнал!E44,"") -> Нет в учёте | F49: =IF(OR($B$4="Все",data_журнал!$H$44=$B$4),data_журнал!F44,"") -> 6451.36 | G49: =IF(OR($B$4="Все",data_журнал!$H$44=$B$4),data_журнал!G44,"") -> Возврат (refund) не загрузился во внутренний учёт | H49: =IF(OR($B$4="Все",data_журнал!$H$44=$B$4),data_журнал!H44,"") -> Закрыто
A50: =IF(OR($B$4="Все",data_журнал!$H$45=$B$4),data_журнал!A45,"") -> BR-044 | B50: =IF(OR($B$4="Все",data_журнал!$H$45=$B$4),data_журнал!B45,"") -> 46290 | C50: =IF(OR($B$4="Все",data_журнал!$H$45=$B$4),data_журнал!C45,"") -> PSP Alfa | D50: =IF(OR($B$4="Все",data_журнал!$H$45=$B$4),data_журнал!D45,"") -> ALF-0925-0000 | E50: =IF(OR($B$4="Все",data_журнал!$H$45=$B$4),data_журнал!E45,"") -> Нет у PSP | F50: =IF(OR($B$4="Все",data_журнал!$H$45=$B$4),data_журнал!F45,"") -> 19722.34 | G50: =IF(OR($B$4="Все",data_журнал!$H$45=$B$4),data_журнал!G45,"") -> Транзакция попала в выписку следующего дня (cut-off) | H50: =IF(OR($B$4="Все",data_журнал!$H$45=$B$4),data_журнал!H45,"") -> Закрыто
A51: =IF(OR($B$4="Все",data_журнал!$H$46=$B$4),data_журнал!A46,"") -> BR-045 | B51: =IF(OR($B$4="Все",data_журнал!$H$46=$B$4),data_журнал!B46,"") -> 46291 | C51: =IF(OR($B$4="Все",data_журнал!$H$46=$B$4),data_журнал!C46,"") -> PSP Gamma | D51: =IF(OR($B$4="Все",data_журнал!$H$46=$B$4),data_журнал!D46,"") -> GAM-0926-0000 | E51: =IF(OR($B$4="Все",data_журнал!$H$46=$B$4),data_журнал!E46,"") -> Сумма | F51: =IF(OR($B$4="Все",data_журнал!$H$46=$B$4),data_журнал!F46,"") -> 1533.69 | G51: =IF(OR($B$4="Все",data_журнал!$H$46=$B$4),data_журнал!G46,"") -> Частичный возврат у PSP не отражён во внутреннем учёте | H51: =IF(OR($B$4="Все",data_журнал!$H$46=$B$4),data_журнал!H46,"") -> Закрыто
A52: =IF(OR($B$4="Все",data_журнал!$H$47=$B$4),data_журнал!A47,"") -> BR-046 | B52: =IF(OR($B$4="Все",data_журнал!$H$47=$B$4),data_журнал!B47,"") -> 46292 | C52: =IF(OR($B$4="Все",data_журнал!$H$47=$B$4),data_журнал!C47,"") -> PSP Beta | D52: =IF(OR($B$4="Все",data_журнал!$H$47=$B$4),data_журнал!D47,"") -> BET-0927-0000 | E52: =IF(OR($B$4="Все",data_журнал!$H$47=$B$4),data_журнал!E47,"") -> Сумма | F52: =IF(OR($B$4="Все",data_журнал!$H$47=$B$4),data_журнал!F47,"") -> 2760.66 | G52: =IF(OR($B$4="Все",data_журнал!$H$47=$B$4),data_журнал!G47,"") -> Частичный возврат у PSP не отражён во внутреннем учёте | H52: =IF(OR($B$4="Все",data_журнал!$H$47=$B$4),data_журнал!H47,"") -> Открыто
A53: =IF(OR($B$4="Все",data_журнал!$H$48=$B$4),data_журнал!A48,"") -> BR-047 | B53: =IF(OR($B$4="Все",data_журнал!$H$48=$B$4),data_журнал!B48,"") -> 46292 | C53: =IF(OR($B$4="Все",data_журнал!$H$48=$B$4),data_журнал!C48,"") -> PSP Gamma | D53: =IF(OR($B$4="Все",data_журнал!$H$48=$B$4),data_журнал!D48,"") -> GAM-0927-0000 | E53: =IF(OR($B$4="Все",data_журнал!$H$48=$B$4),data_журнал!E48,"") -> Нет в учёте | F53: =IF(OR($B$4="Все",data_журнал!$H$48=$B$4),data_журнал!F48,"") -> 16780.81 | G53: =IF(OR($B$4="Все",data_журнал!$H$48=$B$4),data_журнал!G48,"") -> Возврат (refund) не загрузился во внутренний учёт | H53: =IF(OR($B$4="Все",data_журнал!$H$48=$B$4),data_журнал!H48,"") -> Открыто
A54: =IF(OR($B$4="Все",data_журнал!$H$49=$B$4),data_журнал!A49,"") -> BR-048 | B54: =IF(OR($B$4="Все",data_журнал!$H$49=$B$4),data_журнал!B49,"") -> 46293 | C54: =IF(OR($B$4="Все",data_журнал!$H$49=$B$4),data_журнал!C49,"") -> PSP Gamma | D54: =IF(OR($B$4="Все",data_журнал!$H$49=$B$4),data_журнал!D49,"") -> GAM-0928-0000 | E54: =IF(OR($B$4="Все",data_журнал!$H$49=$B$4),data_журнал!E49,"") -> Комиссия | F54: =IF(OR($B$4="Все",data_журнал!$H$49=$B$4),data_журнал!F49,"") -> 325.13 | G54: =IF(OR($B$4="Все",data_журнал!$H$49=$B$4),data_журнал!G49,"") -> PSP применил старую тарифную сетку | H54: =IF(OR($B$4="Все",data_журнал!$H$49=$B$4),data_журнал!H49,"") -> Закрыто
A55: =IF(OR($B$4="Все",data_журнал!$H$50=$B$4),data_журнал!A50,"") -> BR-049 | B55: =IF(OR($B$4="Все",data_журнал!$H$50=$B$4),data_журнал!B50,"") -> 46293 | C55: =IF(OR($B$4="Все",data_журнал!$H$50=$B$4),data_журнал!C50,"") -> PSP Gamma | D55: =IF(OR($B$4="Все",data_журнал!$H$50=$B$4),data_журнал!D50,"") -> GAM-0928-0001 | E55: =IF(OR($B$4="Все",data_журнал!$H$50=$B$4),data_журнал!E50,"") -> Сумма | F55: =IF(OR($B$4="Все",data_журнал!$H$50=$B$4),data_журнал!F50,"") -> 1666.44 | G55: =IF(OR($B$4="Все",data_журнал!$H$50=$B$4),data_журнал!G50,"") -> Частичный возврат у PSP не отражён во внутреннем учёте | H55: =IF(OR($B$4="Все",data_журнал!$H$50=$B$4),data_журнал!H50,"") -> Открыто
A56: =IF(OR($B$4="Все",data_журнал!$H$51=$B$4),data_журнал!A51,"") -> BR-050 | B56: =IF(OR($B$4="Все",data_журнал!$H$51=$B$4),data_журнал!B51,"") -> 46294 | C56: =IF(OR($B$4="Все",data_журнал!$H$51=$B$4),data_журнал!C51,"") -> PSP Gamma | D56: =IF(OR($B$4="Все",data_журнал!$H$51=$B$4),data_журнал!D51,"") -> GAM-0929-0000 | E56: =IF(OR($B$4="Все",data_журнал!$H$51=$B$4),data_журнал!E51,"") -> Комиссия | F56: =IF(OR($B$4="Все",data_журнал!$H$51=$B$4),data_журнал!F51,"") -> 72.46 | G56: =IF(OR($B$4="Все",data_журнал!$H$51=$B$4),data_журнал!G51,"") -> PSP применил старую тарифную сетку | H56: =IF(OR($B$4="Все",data_журнал!$H$51=$B$4),data_журнал!H51,"") -> Открыто
A57: =IF(OR($B$4="Все",data_журнал!$H$52=$B$4),data_журнал!A52,"") -> BR-051 | B57: =IF(OR($B$4="Все",data_журнал!$H$52=$B$4),data_журнал!B52,"") -> 46294 | C57: =IF(OR($B$4="Все",data_журнал!$H$52=$B$4),data_журнал!C52,"") -> PSP Gamma | D57: =IF(OR($B$4="Все",data_журнал!$H$52=$B$4),data_журнал!D52,"") -> GAM-0929-0001 | E57: =IF(OR($B$4="Все",data_журнал!$H$52=$B$4),data_журнал!E52,"") -> Статус | F57: =IF(OR($B$4="Все",data_журнал!$H$52=$B$4),data_журнал!F52,"") -> 15366.83 | G57: =IF(OR($B$4="Все",data_журнал!$H$52=$B$4),data_журнал!G52,"") -> Таймаут: у нас success, у PSP failed — PSP подтвердил позже | H57: =IF(OR($B$4="Все",data_журнал!$H$52=$B$4),data_журнал!H52,"") -> В работе
A58: =IF(OR($B$4="Все",data_журнал!$H$53=$B$4),data_журнал!A53,"") -> BR-052 | B58: =IF(OR($B$4="Все",data_журнал!$H$53=$B$4),data_журнал!B53,"") -> 46295 | C58: =IF(OR($B$4="Все",data_журнал!$H$53=$B$4),data_журнал!C53,"") -> PSP Gamma | D58: =IF(OR($B$4="Все",data_журнал!$H$53=$B$4),data_журнал!D53,"") -> GAM-0930-0000 | E58: =IF(OR($B$4="Все",data_журнал!$H$53=$B$4),data_журнал!E53,"") -> Комиссия | F58: =IF(OR($B$4="Все",data_журнал!$H$53=$B$4),data_журнал!F53,"") -> 1177.83 | G58: =IF(OR($B$4="Все",data_журнал!$H$53=$B$4),data_журнал!G53,"") -> PSP применил старую тарифную сетку | H58: =IF(OR($B$4="Все",data_журнал!$H$53=$B$4),data_журнал!H53,"") -> В работе
A59: =IF(OR($B$4="Все",data_журнал!$H$54=$B$4),data_журнал!A54,"") -> BR-053 | B59: =IF(OR($B$4="Все",data_журнал!$H$54=$B$4),data_журнал!B54,"") -> 46295 | C59: =IF(OR($B$4="Все",data_журнал!$H$54=$B$4),data_журнал!C54,"") -> PSP Gamma | D59: =IF(OR($B$4="Все",data_журнал!$H$54=$B$4),data_журнал!D54,"") -> GAM-0930-0001 | E59: =IF(OR($B$4="Все",data_журнал!$H$54=$B$4),data_журнал!E54,"") -> Статус | F59: =IF(OR($B$4="Все",data_журнал!$H$54=$B$4),data_журнал!F54,"") -> 18287.29 | G59: =IF(OR($B$4="Все",data_журнал!$H$54=$B$4),data_журнал!G54,"") -> Таймаут: у нас success, у PSP failed — PSP подтвердил позже | H59: =IF(OR($B$4="Все",data_журнал!$H$54=$B$4),data_журнал!H54,"") -> Открыто

Sheet Балансы
A1: Контроль балансов на счетах PSP
A2: Дельта = фактический баланс из выписки PSP − ожидаемый по учёту (остаток + депозиты − выводы − комиссии)
A4: Порог эскалации, ₽: | B4: 50000 | C4: Окно тренда, дней: | D4: 7
A6: Дата | B6: PSP Alfa, дельта | C6: PSP Beta, дельта | D6: PSP Gamma, дельта | F6: Сводка | G6: PSP Alfa | H6: PSP Beta | I6: PSP Gamma
A7: 46266 | B7: =SUMIFS(data_балансы!$D$2:$D$91,data_балансы!$A$2:$A$91,$A7,data_балансы!$B$2:$B$91,"PSP Alfa")-SUMIFS(data_балансы!$C$2:$C$91,data_балансы!$A$2:$A$91,$A7,data_балансы!$B$2:$B$91,"PSP Alfa") -> -3626.22 | C7: =SUMIFS(data_балансы!$D$2:$D$91,data_балансы!$A$2:$A$91,$A7,data_балансы!$B$2:$B$91,"PSP Beta")-SUMIFS(data_балансы!$C$2:$C$91,data_балансы!$A$2:$A$91,$A7,data_балансы!$B$2:$B$91,"PSP Beta") -> -6897.52 | D7: =SUMIFS(data_балансы!$D$2:$D$91,data_балансы!$A$2:$A$91,$A7,data_балансы!$B$2:$B$91,"PSP Gamma")-SUMIFS(data_балансы!$C$2:$C$91,data_балансы!$A$2:$A$91,$A7,data_балансы!$B$2:$B$91,"PSP Gamma") -> -8175.51 | F7: Дельта на конец месяца | G7: =B36 -> -1935.38 | H7: =C36 -> -6510.04 | I7: =D36 -> -46782.67
A8: 46267 | B8: =SUMIFS(data_балансы!$D$2:$D$91,data_балансы!$A$2:$A$91,$A8,data_балансы!$B$2:$B$91,"PSP Alfa")-SUMIFS(data_балансы!$C$2:$C$91,data_балансы!$A$2:$A$91,$A8,data_балансы!$B$2:$B$91,"PSP Alfa") -> 9957.73 | C8: =SUMIFS(data_балансы!$D$2:$D$91,data_балансы!$A$2:$A$91,$A8,data_балансы!$B$2:$B$91,"PSP Beta")-SUMIFS(data_балансы!$C$2:$C$91,data_балансы!$A$2:$A$91,$A8,data_балансы!$B$2:$B$91,"PSP Beta") -> 1145.19 | D8: =SUMIFS(data_балансы!$D$2:$D$91,data_балансы!$A$2:$A$91,$A8,data_балансы!$B$2:$B$91,"PSP Gamma")-SUMIFS(data_балансы!$C$2:$C$91,data_балансы!$A$2:$A$91,$A8,data_балансы!$B$2:$B$91,"PSP Gamma") -> -14575.55 | F8: Минимум дельты | G8: =MIN(B7:B36) -> -14229.65 | H8: =MIN(C7:C36) -> -98636.4 | I8: =MIN(D7:D36) -> -57379.06
A9: 46268 | B9: =SUMIFS(data_балансы!$D$2:$D$91,data_балансы!$A$2:$A$91,$A9,data_балансы!$B$2:$B$91,"PSP Alfa")-SUMIFS(data_балансы!$C$2:$C$91,data_балансы!$A$2:$A$91,$A9,data_балансы!$B$2:$B$91,"PSP Alfa") -> -12542.81 | C9: =SUMIFS(data_балансы!$D$2:$D$91,data_балансы!$A$2:$A$91,$A9,data_балансы!$B$2:$B$91,"PSP Beta")-SUMIFS(data_балансы!$C$2:$C$91,data_балансы!$A$2:$A$91,$A9,data_балансы!$B$2:$B$91,"PSP Beta") -> -1932.77 | D9: =SUMIFS(data_балансы!$D$2:$D$91,data_балансы!$A$2:$A$91,$A9,data_балансы!$B$2:$B$91,"PSP Gamma")-SUMIFS(data_балансы!$C$2:$C$91,data_балансы!$A$2:$A$91,$A9,data_балансы!$B$2:$B$91,"PSP Gamma") -> -6770.66 | F9: Дней выше порога | G9: =COUNTIF(B7:B36,">"&$B$4)+COUNTIF(B7:B36,"<"&-$B$4) -> 0 | H9: =COUNTIF(C7:C36,">"&$B$4)+COUNTIF(C7:C36,"<"&-$B$4) -> 2 | I9: =COUNTIF(D7:D36,">"&$B$4)+COUNTIF(D7:D36,"<"&-$B$4) -> 3
A10: 46269 | B10: =SUMIFS(data_балансы!$D$2:$D$91,data_балансы!$A$2:$A$91,$A10,data_балансы!$B$2:$B$91,"PSP Alfa")-SUMIFS(data_балансы!$C$2:$C$91,data_балансы!$A$2:$A$91,$A10,data_балансы!$B$2:$B$91,"PSP Alfa") -> 1182.58 | C10: =SUMIFS(data_балансы!$D$2:$D$91,data_балансы!$A$2:$A$91,$A10,data_балансы!$B$2:$B$91,"PSP Beta")-SUMIFS(data_балансы!$C$2:$C$91,data_балансы!$A$2:$A$91,$A10,data_балансы!$B$2:$B$91,"PSP Beta") -> -6948.14 | D10: =SUMIFS(data_балансы!$D$2:$D$91,data_балансы!$A$2:$A$91,$A10,data_балансы!$B$2:$B$91,"PSP Gamma")-SUMIFS(data_балансы!$C$2:$C$91,data_балансы!$A$2:$A$91,$A10,data_балансы!$B$2:$B$91,"PSP Gamma") -> 1600.77 | F10: Дней, когда дельта ниже вчерашней | G10: =SUMPRODUCT(--(B8:B36<B7:B35)) -> 16 | H10: =SUMPRODUCT(--(C8:C36<C7:C35)) -> 16 | I10: =SUMPRODUCT(--(D8:D36<D7:D35)) -> 14
A11: 46270 | B11: =SUMIFS(data_балансы!$D$2:$D$91,data_балансы!$A$2:$A$91,$A11,data_балансы!$B$2:$B$91,"PSP Alfa")-SUMIFS(data_балансы!$C$2:$C$91,data_балансы!$A$2:$A$91,$A11,data_балансы!$B$2:$B$91,"PSP Alfa") -> -4501.18 | C11: =SUMIFS(data_балансы!$D$2:$D$91,data_балансы!$A$2:$A$91,$A11,data_балансы!$B$2:$B$91,"PSP Beta")-SUMIFS(data_балансы!$C$2:$C$91,data_балансы!$A$2:$A$91,$A11,data_балансы!$B$2:$B$91,"PSP Beta") -> 9921.93 | D11: =SUMIFS(data_балансы!$D$2:$D$91,data_балансы!$A$2:$A$91,$A11,data_балансы!$B$2:$B$91,"PSP Gamma")-SUMIFS(data_балансы!$C$2:$C$91,data_балансы!$A$2:$A$91,$A11,data_балансы!$B$2:$B$91,"PSP Gamma") -> -11211.62
A12: 46271 | B12: =SUMIFS(data_балансы!$D$2:$D$91,data_балансы!$A$2:$A$91,$A12,data_балансы!$B$2:$B$91,"PSP Alfa")-SUMIFS(data_балансы!$C$2:$C$91,data_балансы!$A$2:$A$91,$A12,data_балансы!$B$2:$B$91,"PSP Alfa") -> 8436.99 | C12: =SUMIFS(data_балансы!$D$2:$D$91,data_балансы!$A$2:$A$91,$A12,data_балансы!$B$2:$B$91,"PSP Beta")-SUMIFS(data_балансы!$C$2:$C$91,data_балансы!$A$2:$A$91,$A12,data_балансы!$B$2:$B$91,"PSP Beta") -> 11448.93 | D12: =SUMIFS(data_балансы!$D$2:$D$91,data_балансы!$A$2:$A$91,$A12,data_балансы!$B$2:$B$91,"PSP Gamma")-SUMIFS(data_балансы!$C$2:$C$91,data_балансы!$A$2:$A$91,$A12,data_балансы!$B$2:$B$91,"PSP Gamma") -> -273.64 | F12: Тренд | G12: PSP Alfa | H12: PSP Beta | I12: PSP Gamma
A13: 46272 | B13: =SUMIFS(data_балансы!$D$2:$D$91,data_балансы!$A$2:$A$91,$A13,data_балансы!$B$2:$B$91,"PSP Alfa")-SUMIFS(data_балансы!$C$2:$C$91,data_балансы!$A$2:$A$91,$A13,data_балансы!$B$2:$B$91,"PSP Alfa") -> 7627 | C13: =SUMIFS(data_балансы!$D$2:$D$91,data_балансы!$A$2:$A$91,$A13,data_балансы!$B$2:$B$91,"PSP Beta")-SUMIFS(data_балансы!$C$2:$C$91,data_балансы!$A$2:$A$91,$A13,data_балансы!$B$2:$B$91,"PSP Beta") -> -1058.74 | D13: =SUMIFS(data_балансы!$D$2:$D$91,data_балансы!$A$2:$A$91,$A13,data_балансы!$B$2:$B$91,"PSP Gamma")-SUMIFS(data_балансы!$C$2:$C$91,data_балансы!$A$2:$A$91,$A13,data_балансы!$B$2:$B$91,"PSP Gamma") -> 2221.93 | F13: Средняя дельта, последнее окно | G13: =AVERAGE(OFFSET(B36,-$D$4+1,0,$D$4,1)) -> 2598.5114 | H13: =AVERAGE(OFFSET(C36,-$D$4+1,0,$D$4,1)) -> -2533.69 | I13: =AVERAGE(OFFSET(D36,-$D$4+1,0,$D$4,1)) -> -50890.93
A14: 46273 | B14: =SUMIFS(data_балансы!$D$2:$D$91,data_балансы!$A$2:$A$91,$A14,data_балансы!$B$2:$B$91,"PSP Alfa")-SUMIFS(data_балансы!$C$2:$C$91,data_балансы!$A$2:$A$91,$A14,data_балансы!$B$2:$B$91,"PSP Alfa") -> -9019.18 | C14: =SUMIFS(data_балансы!$D$2:$D$91,data_балансы!$A$2:$A$91,$A14,data_балансы!$B$2:$B$91,"PSP Beta")-SUMIFS(data_балансы!$C$2:$C$91,data_балансы!$A$2:$A$91,$A14,data_балансы!$B$2:$B$91,"PSP Beta") -> -3630.32 | D14: =SUMIFS(data_балансы!$D$2:$D$91,data_балансы!$A$2:$A$91,$A14,data_балансы!$B$2:$B$91,"PSP Gamma")-SUMIFS(data_балансы!$C$2:$C$91,data_балансы!$A$2:$A$91,$A14,data_балансы!$B$2:$B$91,"PSP Gamma") -> -1785.94 | F14: Средняя дельта, предыдущее окно | G14: =AVERAGE(OFFSET(B36,-2*$D$4+1,0,$D$4,1)) -> 2717.0486 | H14: =AVERAGE(OFFSET(C36,-2*$D$4+1,0,$D$4,1)) -> 1443.9857 | I14: =AVERAGE(OFFSET(D36,-2*$D$4+1,0,$D$4,1)) -> -24028.596
A15: 46274 | B15: =SUMIFS(data_балансы!$D$2:$D$91,data_балансы!$A$2:$A$91,$A15,data_балансы!$B$2:$B$91,"PSP Alfa")-SUMIFS(data_балансы!$C$2:$C$91,data_балансы!$A$2:$A$91,$A15,data_балансы!$B$2:$B$91,"PSP Alfa") -> -10428.53 | C15: =SUMIFS(data_балансы!$D$2:$D$91,data_балансы!$A$2:$A$91,$A15,data_балансы!$B$2:$B$91,"PSP Beta")-SUMIFS(data_балансы!$C$2:$C$91,data_балансы!$A$2:$A$91,$A15,data_балансы!$B$2:$B$91,"PSP Beta") -> -79471.41 | D15: =SUMIFS(data_балансы!$D$2:$D$91,data_балансы!$A$2:$A$91,$A15,data_балансы!$B$2:$B$91,"PSP Gamma")-SUMIFS(data_балансы!$C$2:$C$91,data_балансы!$A$2:$A$91,$A15,data_балансы!$B$2:$B$91,"PSP Gamma") -> -13458.7 | F15: Сигнал | G15: =IF(AND(G13<G14,ABS(G13)>$B$4/2),"Проверить","Норма") -> Норма | H15: =IF(AND(H13<H14,ABS(H13)>$B$4/2),"Проверить","Норма") -> Норма | I15: =IF(AND(I13<I14,ABS(I13)>$B$4/2),"Проверить","Норма") -> Проверить
A16: 46275 | B16: =SUMIFS(data_балансы!$D$2:$D$91,data_балансы!$A$2:$A$91,$A16,data_балансы!$B$2:$B$91,"PSP Alfa")-SUMIFS(data_балансы!$C$2:$C$91,data_балансы!$A$2:$A$91,$A16,data_балансы!$B$2:$B$91,"PSP Alfa") -> 5083.76 | C16: =SUMIFS(data_балансы!$D$2:$D$91,data_балансы!$A$2:$A$91,$A16,data_балансы!$B$2:$B$91,"PSP Beta")-SUMIFS(data_балансы!$C$2:$C$91,data_балансы!$A$2:$A$91,$A16,data_балансы!$B$2:$B$91,"PSP Beta") -> -98636.4 | D16: =SUMIFS(data_балансы!$D$2:$D$91,data_балансы!$A$2:$A$91,$A16,data_балансы!$B$2:$B$91,"PSP Gamma")-SUMIFS(data_балансы!$C$2:$C$91,data_балансы!$A$2:$A$91,$A16,data_балансы!$B$2:$B$91,"PSP Gamma") -> -668.12
A17: 46276 | B17: =SUMIFS(data_балансы!$D$2:$D$91,data_балансы!$A$2:$A$91,$A17,data_балансы!$B$2:$B$91,"PSP Alfa")-SUMIFS(data_балансы!$C$2:$C$91,data_балансы!$A$2:$A$91,$A17,data_балансы!$B$2:$B$91,"PSP Alfa") -> -8461.06 | C17: =SUMIFS(data_балансы!$D$2:$D$91,data_балансы!$A$2:$A$91,$A17,data_балансы!$B$2:$B$91,"PSP Beta")-SUMIFS(data_балансы!$C$2:$C$91,data_балансы!$A$2:$A$91,$A17,data_балансы!$B$2:$B$91,"PSP Beta") -> -4789.83 | D17: =SUMIFS(data_балансы!$D$2:$D$91,data_балансы!$A$2:$A$91,$A17,data_балансы!$B$2:$B$91,"PSP Gamma")-SUMIFS(data_балансы!$C$2:$C$91,data_балансы!$A$2:$A$91,$A17,data_балансы!$B$2:$B$91,"PSP Gamma") -> -2978.78
A18: 46277 | B18: =SUMIFS(data_балансы!$D$2:$D$91,data_балансы!$A$2:$A$91,$A18,data_балансы!$B$2:$B$91,"PSP Alfa")-SUMIFS(data_балансы!$C$2:$C$91,data_балансы!$A$2:$A$91,$A18,data_балансы!$B$2:$B$91,"PSP Alfa") -> 8006.94 | C18: =SUMIFS(data_балансы!$D$2:$D$91,data_балансы!$A$2:$A$91,$A18,data_балансы!$B$2:$B$91,"PSP Beta")-SUMIFS(data_балансы!$C$2:$C$91,data_балансы!$A$2:$A$91,$A18,data_балансы!$B$2:$B$91,"PSP Beta") -> 6035.51 | D18: =SUMIFS(data_балансы!$D$2:$D$91,data_балансы!$A$2:$A$91,$A18,data_балансы!$B$2:$B$91,"PSP Gamma")-SUMIFS(data_балансы!$C$2:$C$91,data_балансы!$A$2:$A$91,$A18,data_балансы!$B$2:$B$91,"PSP Gamma") -> 3883.37
A19: 46278 | B19: =SUMIFS(data_балансы!$D$2:$D$91,data_балансы!$A$2:$A$91,$A19,data_балансы!$B$2:$B$91,"PSP Alfa")-SUMIFS(data_балансы!$C$2:$C$91,data_балансы!$A$2:$A$91,$A19,data_балансы!$B$2:$B$91,"PSP Alfa") -> 3217.43 | C19: =SUMIFS(data_балансы!$D$2:$D$91,data_балансы!$A$2:$A$91,$A19,data_балансы!$B$2:$B$91,"PSP Beta")-SUMIFS(data_балансы!$C$2:$C$91,data_балансы!$A$2:$A$91,$A19,data_балансы!$B$2:$B$91,"PSP Beta") -> -14695.46 | D19: =SUMIFS(data_балансы!$D$2:$D$91,data_балансы!$A$2:$A$91,$A19,data_балансы!$B$2:$B$91,"PSP Gamma")-SUMIFS(data_балансы!$C$2:$C$91,data_балансы!$A$2:$A$91,$A19,data_балансы!$B$2:$B$91,"PSP Gamma") -> -10524.08
A20: 46279 | B20: =SUMIFS(data_балансы!$D$2:$D$91,data_балансы!$A$2:$A$91,$A20,data_балансы!$B$2:$B$91,"PSP Alfa")-SUMIFS(data_балансы!$C$2:$C$91,data_балансы!$A$2:$A$91,$A20,data_балансы!$B$2:$B$91,"PSP Alfa") -> -11564.02 | C20: =SUMIFS(data_балансы!$D$2:$D$91,data_балансы!$A$2:$A$91,$A20,data_балансы!$B$2:$B$91,"PSP Beta")-SUMIFS(data_балансы!$C$2:$C$91,data_балансы!$A$2:$A$91,$A20,data_балансы!$B$2:$B$91,"PSP Beta") -> -12431.61 | D20: =SUMIFS(data_балансы!$D$2:$D$91,data_балансы!$A$2:$A$91,$A20,data_балансы!$B$2:$B$91,"PSP Gamma")-SUMIFS(data_балансы!$C$2:$C$91,data_балансы!$A$2:$A$91,$A20,data_балансы!$B$2:$B$91,"PSP Gamma") -> -9384.93
A21: 46280 | B21: =SUMIFS(data_балансы!$D$2:$D$91,data_балансы!$A$2:$A$91,$A21,data_балансы!$B$2:$B$91,"PSP Alfa")-SUMIFS(data_балансы!$C$2:$C$91,data_балансы!$A$2:$A$91,$A21,data_балансы!$B$2:$B$91,"PSP Alfa") -> 13941.62 | C21: =SUMIFS(data_балансы!$D$2:$D$91,data_балансы!$A$2:$A$91,$A21,data_балансы!$B$2:$B$91,"PSP Beta")-SUMIFS(data_балансы!$C$2:$C$91,data_балансы!$A$2:$A$91,$A21,data_балансы!$B$2:$B$91,"PSP Beta") -> -342.66 | D21: =SUMIFS(data_балансы!$D$2:$D$91,data_балансы!$A$2:$A$91,$A21,data_балансы!$B$2:$B$91,"PSP Gamma")-SUMIFS(data_балансы!$C$2:$C$91,data_балансы!$A$2:$A$91,$A21,data_балансы!$B$2:$B$91,"PSP Gamma") -> -18446.46
A22: 46281 | B22: =SUMIFS(data_балансы!$D$2:$D$91,data_балансы!$A$2:$A$91,$A22,data_балансы!$B$2:$B$91,"PSP Alfa")-SUMIFS(data_балансы!$C$2:$C$91,data_балансы!$A$2:$A$91,$A22,data_балансы!$B$2:$B$91,"PSP Alfa") -> -14229.65 | C22: =SUMIFS(data_балансы!$D$2:$D$91,data_балансы!$A$2:$A$91,$A22,data_балансы!$B$2:$B$91,"PSP Beta")-SUMIFS(data_балансы!$C$2:$C$91,data_балансы!$A$2:$A$91,$A22,data_балансы!$B$2:$B$91,"PSP Beta") -> 5718.28 | D22: =SUMIFS(data_балансы!$D$2:$D$91,data_балансы!$A$2:$A$91,$A22,data_балансы!$B$2:$B$91,"PSP Gamma")-SUMIFS(data_балансы!$C$2:$C$91,data_балансы!$A$2:$A$91,$A22,data_балансы!$B$2:$B$91,"PSP Gamma") -> -7310.47
A23: 46282 | B23: =SUMIFS(data_балансы!$D$2:$D$91,data_балансы!$A$2:$A$91,$A23,data_балансы!$B$2:$B$91,"PSP Alfa")-SUMIFS(data_балансы!$C$2:$C$91,data_балансы!$A$2:$A$91,$A23,data_балансы!$B$2:$B$91,"PSP Alfa") -> 5320.42 | C23: =SUMIFS(data_балансы!$D$2:$D$91,data_балансы!$A$2:$A$91,$A23,data_балансы!$B$2:$B$91,"PSP Beta")-SUMIFS(data_балансы!$C$2:$C$91,data_балансы!$A$2:$A$91,$A23,data_балансы!$B$2:$B$91,"PSP Beta") -> -275.36 | D23: =SUMIFS(data_балансы!$D$2:$D$91,data_балансы!$A$2:$A$91,$A23,data_балансы!$B$2:$B$91,"PSP Gamma")-SUMIFS(data_балансы!$C$2:$C$91,data_балансы!$A$2:$A$91,$A23,data_балансы!$B$2:$B$91,"PSP Gamma") -> -22229.39
A24: 46283 | B24: =SUMIFS(data_балансы!$D$2:$D$91,data_балансы!$A$2:$A$91,$A24,data_балансы!$B$2:$B$91,"PSP Alfa")-SUMIFS(data_балансы!$C$2:$C$91,data_балансы!$A$2:$A$91,$A24,data_балансы!$B$2:$B$91,"PSP Alfa") -> -3100.36 | C24: =SUMIFS(data_балансы!$D$2:$D$91,data_балансы!$A$2:$A$91,$A24,data_балансы!$B$2:$B$91,"PSP Beta")-SUMIFS(data_балансы!$C$2:$C$91,data_балансы!$A$2:$A$91,$A24,data_балансы!$B$2:$B$91,"PSP Beta") -> -12208.4 | D24: =SUMIFS(data_балансы!$D$2:$D$91,data_балансы!$A$2:$A$91,$A24,data_балансы!$B$2:$B$91,"PSP Gamma")-SUMIFS(data_балансы!$C$2:$C$91,data_балансы!$A$2:$A$91,$A24,data_балансы!$B$2:$B$91,"PSP Gamma") -> -18984.57
A25: 46284 | B25: =SUMIFS(data_балансы!$D$2:$D$91,data_балансы!$A$2:$A$91,$A25,data_балансы!$B$2:$B$91,"PSP Alfa")-SUMIFS(data_балансы!$C$2:$C$91,data_балансы!$A$2:$A$91,$A25,data_балансы!$B$2:$B$91,"PSP Alfa") -> -12720.1 | C25: =SUMIFS(data_балансы!$D$2:$D$91,data_балансы!$A$2:$A$91,$A25,data_балансы!$B$2:$B$91,"PSP Beta")-SUMIFS(data_балансы!$C$2:$C$91,data_балансы!$A$2:$A$91,$A25,data_балансы!$B$2:$B$91,"PSP Beta") -> 5753.62 | D25: =SUMIFS(data_балансы!$D$2:$D$91,data_балансы!$A$2:$A$91,$A25,data_балансы!$B$2:$B$91,"PSP Gamma")-SUMIFS(data_балансы!$C$2:$C$91,data_балансы!$A$2:$A$91,$A25,data_балансы!$B$2:$B$91,"PSP Gamma") -> -10195
A26: 46285 | B26: =SUMIFS(data_балансы!$D$2:$D$91,data_балансы!$A$2:$A$91,$A26,data_балансы!$B$2:$B$91,"PSP Alfa")-SUMIFS(data_балансы!$C$2:$C$91,data_балансы!$A$2:$A$91,$A26,data_балансы!$B$2:$B$91,"PSP Alfa") -> 3817.28 | C26: =SUMIFS(data_балансы!$D$2:$D$91,data_балансы!$A$2:$A$91,$A26,data_балансы!$B$2:$B$91,"PSP Beta")-SUMIFS(data_балансы!$C$2:$C$91,data_балансы!$A$2:$A$91,$A26,data_балансы!$B$2:$B$91,"PSP Beta") -> 2446.67 | D26: =SUMIFS(data_балансы!$D$2:$D$91,data_балансы!$A$2:$A$91,$A26,data_балансы!$B$2:$B$91,"PSP Gamma")-SUMIFS(data_балансы!$C$2:$C$91,data_балансы!$A$2:$A$91,$A26,data_балансы!$B$2:$B$91,"PSP Gamma") -> -30338.59
A27: 46286 | B27: =SUMIFS(data_балансы!$D$2:$D$91,data_балансы!$A$2:$A$91,$A27,data_балансы!$B$2:$B$91,"PSP Alfa")-SUMIFS(data_балансы!$C$2:$C$91,data_балансы!$A$2:$A$91,$A27,data_балансы!$B$2:$B$91,"PSP Alfa") -> 8174.43 | C27: =SUMIFS(data_балансы!$D$2:$D$91,data_балансы!$A$2:$A$91,$A27,data_балансы!$B$2:$B$91,"PSP Beta")-SUMIFS(data_балансы!$C$2:$C$91,data_балансы!$A$2:$A$91,$A27,data_балансы!$B$2:$B$91,"PSP Beta") -> 927.66 | D27: =SUMIFS(data_балансы!$D$2:$D$91,data_балансы!$A$2:$A$91,$A27,data_балансы!$B$2:$B$91,"PSP Gamma")-SUMIFS(data_балансы!$C$2:$C$91,data_балансы!$A$2:$A$91,$A27,data_балансы!$B$2:$B$91,"PSP Gamma") -> -24711.07
... A36: 46295 | B36: =SUMIFS(data_балансы!$D$2:$D$91,data_балансы!$A$2:$A$91,$A36,data_балансы!$B$2:$B$91,"PSP Alfa")-SUMIFS(data_балансы!$C$2:$C$91,data_балансы!$A$2:$A$91,$A36,data_балансы!$B$2:$B$91,"PSP Alfa") -> -1935.38 | C36: =SUMIFS(data_балансы!$D$2:$D$91,data_балансы!$A$2:$A$91,$A36,data_балансы!$B$2:$B$91,"PSP Beta")-SUMIFS(data_балансы!$C$2:$C$91,data_балансы!$A$2:$A$91,$A36,data_балансы!$B$2:$B$91,"PSP Beta") -> -6510.04 | D36: =SUMIFS(data_балансы!$D$2:$D$91,data_балансы!$A$2:$A$91,$A36,data_балансы!$B$2:$B$91,"PSP Gamma")-SUMIFS(data_балансы!$C$2:$C$91,data_балансы!$A$2:$A$91,$A36,data_балансы!$B$2:$B$91,"PSP Gamma") -> -46782.67

Sheet Платёжный отчёт
A1: Платёжный отчёт для трейдеров и финансов
A2: Сентябрь 2026 · онлайн-букмекер · 3 PSP · Москва, Санкт-Петербург, другие регионы
A4: PSP: | B4: Все
A5: Регион: | B5: Все
A6: Тип операции: | B6: Все
A8: Оборот | B8: Транзакций | C8: Доля успешных | D8: Комиссии | E8: Эффективная комиссия
A9: =SUMIFS(data_платежи!$H$2:$H$73,data_платежи!$B$2:$B$73,IF($B$4="Все","*",$B$4),data_платежи!$C$2:$C$73,IF($B$5="Все","*",$B$5),data_платежи!$D$2:$D$73,IF($B$6="Все","*",$B$6)) -> 1.2412567e+08 | B9: =SUMIFS(data_платежи!$E$2:$E$73,data_платежи!$B$2:$B$73,IF($B$4="Все","*",$B$4),data_платежи!$C$2:$C$73,IF($B$5="Все","*",$B$5),data_платежи!$D$2:$D$73,IF($B$6="Все","*",$B$6)) -> 25223 | C9: =IFERROR(SUMIFS(data_платежи!$F$2:$F$73,data_платежи!$B$2:$B$73,IF($B$4="Все","*",$B$4),data_платежи!$C$2:$C$73,IF($B$5="Все","*",$B$5),data_платежи!$D$2:$D$73,IF($B$6="Все","*",$B$6))/B9,0) -> 0.88010942 | D9: =SUMIFS(data_платежи!$I$2:$I$73,data_платежи!$B$2:$B$73,IF($B$4="Все","*",$B$4),data_платежи!$C$2:$C$73,IF($B$5="Все","*",$B$5),data_платежи!$D$2:$D$73,IF($B$6="Все","*",$B$6)) -> 2753884.1 | E9: =IFERROR(D9/A9,0) -> 0.022186258
A12: По провайдерам
A13: PSP | B13: Доля успешных | C13: Оборот, ₽ | D13: Комиссии, ₽ | E13: Эффективная комиссия | F13: Отклонено, шт.
A14: PSP Alfa | B14: =IFERROR(SUMIFS(data_платежи!$F$2:$F$73,data_платежи!$B$2:$B$73,$A14,data_платежи!$C$2:$C$73,IF($B$5="Все","*",$B$5),data_платежи!$D$2:$D$73,IF($B$6="Все","*",$B$6))/SUMIFS(data_платежи!$E$2:$E$73,data_платежи!$B$2:$B$73,$A14,data_платежи!$C$2:$C$73,IF($B$5="Все","*",$B$5),data_платежи!$D$2:$D$73,IF($B$6="Все","*",$B$6)),0) -> 0.91945117 | C14: =SUMIFS(data_платежи!$H$2:$H$73,data_платежи!$B$2:$B$73,$A14,data_платежи!$C$2:$C$73,IF($B$5="Все","*",$B$5),data_платежи!$D$2:$D$73,IF($B$6="Все","*",$B$6)) -> 63081038 | D14: =SUMIFS(data_платежи!$I$2:$I$73,data_платежи!$B$2:$B$73,$A14,data_платежи!$C$2:$C$73,IF($B$5="Все","*",$B$5),data_платежи!$D$2:$D$73,IF($B$6="Все","*",$B$6)) -> 1178920.5 | E14: =IFERROR(D14/C14,0) -> 0.018688983 | F14: =SUMIFS(data_платежи!$G$2:$G$73,data_платежи!$B$2:$B$73,$A14,data_платежи!$C$2:$C$73,IF($B$5="Все","*",$B$5),data_платежи!$D$2:$D$73,IF($B$6="Все","*",$B$6)) -> 998
A15: PSP Beta | B15: =IFERROR(SUMIFS(data_платежи!$F$2:$F$73,data_платежи!$B$2:$B$73,$A15,data_платежи!$C$2:$C$73,IF($B$5="Все","*",$B$5),data_платежи!$D$2:$D$73,IF($B$6="Все","*",$B$6))/SUMIFS(data_платежи!$E$2:$E$73,data_платежи!$B$2:$B$73,$A15,data_платежи!$C$2:$C$73,IF($B$5="Все","*",$B$5),data_платежи!$D$2:$D$73,IF($B$6="Все","*",$B$6)),0) -> 0.8654318 | C15: =SUMIFS(data_платежи!$H$2:$H$73,data_платежи!$B$2:$B$73,$A15,data_платежи!$C$2:$C$73,IF($B$5="Все","*",$B$5),data_платежи!$D$2:$D$73,IF($B$6="Все","*",$B$6)) -> 39027381 | D15: =SUMIFS(data_платежи!$I$2:$I$73,data_платежи!$B$2:$B$73,$A15,data_платежи!$C$2:$C$73,IF($B$5="Все","*",$B$5),data_платежи!$D$2:$D$73,IF($B$6="Все","*",$B$6)) -> 915707.74 | E15: =IFERROR(D15/C15,0) -> 0.023463213 | F15: =SUMIFS(data_платежи!$G$2:$G$73,data_платежи!$B$2:$B$73,$A15,data_платежи!$C$2:$C$73,IF($B$5="Все","*",$B$5),data_платежи!$D$2:$D$73,IF($B$6="Все","*",$B$6)) -> 1097
A16: PSP Gamma | B16: =IFERROR(SUMIFS(data_платежи!$F$2:$F$73,data_платежи!$B$2:$B$73,$A16,data_платежи!$C$2:$C$73,IF($B$5="Все","*",$B$5),data_платежи!$D$2:$D$73,IF($B$6="Все","*",$B$6))/SUMIFS(data_платежи!$E$2:$E$73,data_платежи!$B$2:$B$73,$A16,data_платежи!$C$2:$C$73,IF($B$5="Все","*",$B$5),data_платежи!$D$2:$D$73,IF($B$6="Все","*",$B$6)),0) -> 0.80153813 | C16: =SUMIFS(data_платежи!$H$2:$H$73,data_платежи!$B$2:$B$73,$A16,data_платежи!$C$2:$C$73,IF($B$5="Все","*",$B$5),data_платежи!$D$2:$D$73,IF($B$6="Все","*",$B$6)) -> 22017250 | D16: =SUMIFS(data_платежи!$I$2:$I$73,data_платежи!$B$2:$B$73,$A16,data_платежи!$C$2:$C$73,IF($B$5="Все","*",$B$5),data_платежи!$D$2:$D$73,IF($B$6="Все","*",$B$6)) -> 659255.88 | E16: =IFERROR(D16/C16,0) -> 0.029942699 | F16: =SUMIFS(data_платежи!$G$2:$G$73,data_платежи!$B$2:$B$73,$A16,data_платежи!$C$2:$C$73,IF($B$5="Все","*",$B$5),data_платежи!$D$2:$D$73,IF($B$6="Все","*",$B$6)) -> 929
A19: По регионам
A20: Регион | B20: Доля успешных | C20: Оборот, ₽ | D20: Транзакций
A21: Москва | B21: =IFERROR(SUMIFS(data_платежи!$F$2:$F$73,data_платежи!$C$2:$C$73,$A21,data_платежи!$B$2:$B$73,IF($B$4="Все","*",$B$4),data_платежи!$D$2:$D$73,IF($B$6="Все","*",$B$6))/SUMIFS(data_платежи!$E$2:$E$73,data_платежи!$C$2:$C$73,$A21,data_платежи!$B$2:$B$73,IF($B$4="Все","*",$B$4),data_платежи!$D$2:$D$73,IF($B$6="Все","*",$B$6)),0) -> 0.89717425 | C21: =SUMIFS(data_платежи!$H$2:$H$73,data_платежи!$C$2:$C$73,$A21,data_платежи!$B$2:$B$73,IF($B$4="Все","*",$B$4),data_платежи!$D$2:$D$73,IF($B$6="Все","*",$B$6)) -> 62813080 | D21: =SUMIFS(data_платежи!$E$2:$E$73,data_платежи!$C$2:$C$73,$A21,data_платежи!$B$2:$B$73,IF($B$4="Все","*",$B$4),data_платежи!$D$2:$D$73,IF($B$6="Все","*",$B$6)) -> 12740
A22: Санкт-Петербург | B22: =IFERROR(SUMIFS(data_платежи!$F$2:$F$73,data_платежи!$C$2:$C$73,$A22,data_платежи!$B$2:$B$73,IF($B$4="Все","*",$B$4),data_платежи!$D$2:$D$73,IF($B$6="Все","*",$B$6))/SUMIFS(data_платежи!$E$2:$E$73,data_платежи!$C$2:$C$73,$A22,data_платежи!$B$2:$B$73,IF($B$4="Все","*",$B$4),data_платежи!$D$2:$D$73,IF($B$6="Все","*",$B$6)),0) -> 0.88946945 | C22: =SUMIFS(data_платежи!$H$2:$H$73,data_платежи!$C$2:$C$73,$A22,data_платежи!$B$2:$B$73,IF($B$4="Все","*",$B$4),data_платежи!$D$2:$D$73,IF($B$6="Все","*",$B$6)) -> 25678837 | D22: =SUMIFS(data_платежи!$E$2:$E$73,data_платежи!$C$2:$C$73,$A22,data_платежи!$B$2:$B$73,IF($B$4="Все","*",$B$4),data_платежи!$D$2:$D$73,IF($B$6="Все","*",$B$6)) -> 4976
A23: Другие регионы | B23: =IFERROR(SUMIFS(data_платежи!$F$2:$F$73,data_платежи!$C$2:$C$73,$A23,data_платежи!$B$2:$B$73,IF($B$4="Все","*",$B$4),data_платежи!$D$2:$D$73,IF($B$6="Все","*",$B$6))/SUMIFS(data_платежи!$E$2:$E$73,data_платежи!$C$2:$C$73,$A23,data_платежи!$B$2:$B$73,IF($B$4="Все","*",$B$4),data_платежи!$D$2:$D$73,IF($B$6="Все","*",$B$6)),0) -> 0.84494472 | C23: =SUMIFS(data_платежи!$H$2:$H$73,data_платежи!$C$2:$C$73,$A23,data_платежи!$B$2:$B$73,IF($B$4="Все","*",$B$4),data_платежи!$D$2:$D$73,IF($B$6="Все","*",$B$6)) -> 35633751 | D23: =SUMIFS(data_платежи!$E$2:$E$73,data_платежи!$C$2:$C$73,$A23,data_платежи!$B$2:$B$73,IF($B$4="Все","*",$B$4),data_платежи!$D$2:$D$73,IF($B$6="Все","*",$B$6)) -> 7507
A26: По неделям
A27: Неделя | B27: Депозиты, ₽ | C27: Выводы, ₽ | D27: Доля успешных
A28: 2026-W36 | B28: =SUMIFS(data_платежи!$H$2:$H$73,data_платежи!$A$2:$A$73,$A28,data_платежи!$B$2:$B$73,IF($B$4="Все","*",$B$4),data_платежи!$C$2:$C$73,IF($B$5="Все","*",$B$5),data_платежи!$D$2:$D$73,"Депозит") -> 21990961 | C28: =SUMIFS(data_платежи!$H$2:$H$73,data_платежи!$A$2:$A$73,$A28,data_платежи!$B$2:$B$73,IF($B$4="Все","*",$B$4),data_платежи!$C$2:$C$73,IF($B$5="Все","*",$B$5),data_платежи!$D$2:$D$73,"Вывод") -> 10402302 | D28: =IFERROR(SUMIFS(data_платежи!$F$2:$F$73,data_платежи!$A$2:$A$73,$A28,data_платежи!$B$2:$B$73,IF($B$4="Все","*",$B$4),data_платежи!$C$2:$C$73,IF($B$5="Все","*",$B$5),data_платежи!$D$2:$D$73,IF($B$6="Все","*",$B$6))/SUMIFS(data_платежи!$E$2:$E$73,data_платежи!$A$2:$A$73,$A28,data_платежи!$B$2:$B$73,IF($B$4="Все","*",$B$4),data_платежи!$C$2:$C$73,IF($B$5="Все","*",$B$5),data_платежи!$D$2:$D$73,IF($B$6="Все","*",$B$6)),0) -> 0.88066938
A29: 2026-W37 | B29: =SUMIFS(data_платежи!$H$2:$H$73,data_платежи!$A$2:$A$73,$A29,data_платежи!$B$2:$B$73,IF($B$4="Все","*",$B$4),data_платежи!$C$2:$C$73,IF($B$5="Все","*",$B$5),data_платежи!$D$2:$D$73,"Депозит") -> 20752683 | C29: =SUMIFS(data_платежи!$H$2:$H$73,data_платежи!$A$2:$A$73,$A29,data_платежи!$B$2:$B$73,IF($B$4="Все","*",$B$4),data_платежи!$C$2:$C$73,IF($B$5="Все","*",$B$5),data_платежи!$D$2:$D$73,"Вывод") -> 10655707 | D29: =IFERROR(SUMIFS(data_платежи!$F$2:$F$73,data_платежи!$A$2:$A$73,$A29,data_платежи!$B$2:$B$73,IF($B$4="Все","*",$B$4),data_платежи!$C$2:$C$73,IF($B$5="Все","*",$B$5),data_платежи!$D$2:$D$73,IF($B$6="Все","*",$B$6))/SUMIFS(data_платежи!$E$2:$E$73,data_платежи!$A$2:$A$73,$A29,data_платежи!$B$2:$B$73,IF($B$4="Все","*",$B$4),data_платежи!$C$2:$C$73,IF($B$5="Все","*",$B$5),data_платежи!$D$2:$D$73,IF($B$6="Все","*",$B$6)),0) -> 0.87749242
A30: 2026-W38 | B30: =SUMIFS(data_платежи!$H$2:$H$73,data_платежи!$A$2:$A$73,$A30,data_платежи!$B$2:$B$73,IF($B$4="Все","*",$B$4),data_платежи!$C$2:$C$73,IF($B$5="Все","*",$B$5),data_платежи!$D$2:$D$73,"Депозит") -> 21164999 | C30: =SUMIFS(data_платежи!$H$2:$H$73,data_платежи!$A$2:$A$73,$A30,data_платежи!$B$2:$B$73,IF($B$4="Все","*",$B$4),data_платежи!$C$2:$C$73,IF($B$5="Все","*",$B$5),data_платежи!$D$2:$D$73,"Вывод") -> 10485700 | D30: =IFERROR(SUMIFS(data_платежи!$F$2:$F$73,data_платежи!$A$2:$A$73,$A30,data_платежи!$B$2:$B$73,IF($B$4="Все","*",$B$4),data_платежи!$C$2:$C$73,IF($B$5="Все","*",$B$5),data_платежи!$D$2:$D$73,IF($B$6="Все","*",$B$6))/SUMIFS(data_платежи!$E$2:$E$73,data_платежи!$A$2:$A$73,$A30,data_платежи!$B$2:$B$73,IF($B$4="Все","*",$B$4),data_платежи!$C$2:$C$73,IF($B$5="Все","*",$B$5),data_платежи!$D$2:$D$73,IF($B$6="Все","*",$B$6)),0) -> 0.88245614
A31: 2026-W39 | B31: =SUMIFS(data_платежи!$H$2:$H$73,data_платежи!$A$2:$A$73,$A31,data_платежи!$B$2:$B$73,IF($B$4="Все","*",$B$4),data_платежи!$C$2:$C$73,IF($B$5="Все","*",$B$5),data_платежи!$D$2:$D$73,"Депозит") -> 18287682 | C31: =SUMIFS(data_платежи!$H$2:$H$73,data_платежи!$A$2:$A$73,$A31,data_платежи!$B$2:$B$73,IF($B$4="Все","*",$B$4),data_платежи!$C$2:$C$73,IF($B$5="Все","*",$B$5),data_платежи!$D$2:$D$73,"Вывод") -> 10385634 | D31: =IFERROR(SUMIFS(data_платежи!$F$2:$F$73,data_платежи!$A$2:$A$73,$A31,data_платежи!$B$2:$B$73,IF($B$4="Все","*",$B$4),data_платежи!$C$2:$C$73,IF($B$5="Все","*",$B$5),data_платежи!$D$2:$D$73,IF($B$6="Все","*",$B$6))/SUMIFS(data_платежи!$E$2:$E$73,data_платежи!$A$2:$A$73,$A31,data_платежи!$B$2:$B$73,IF($B$4="Все","*",$B$4),data_платежи!$C$2:$C$73,IF($B$5="Все","*",$B$5),data_платежи!$D$2:$D$73,IF($B$6="Все","*",$B$6)),0) -> 0.87980922
A34: Как читать: желтые ячейки — фильтры. Отклонённый платёж не равен потере денег: часть отказов на стороне игрока (нет средств, отмена). Сравнивать провайдеров корректно при одинаковом наборе регионов.

Sheet data_сверка
A1: Дата | B1: PSP | C1: Транзакций | D1: Расхождений
A2: 46266 | B2: PSP Alfa | C2: 193 | D2: 0
A3: 46266 | B3: PSP Beta | C3: 113 | D3: 0
A4: 46266 | B4: PSP Gamma | C4: 77 | D4: 1
A5: 46267 | B5: PSP Alfa | C5: 154 | D5: 0
A6: 46267 | B6: PSP Beta | C6: 129 | D6: 0
A7: 46267 | B7: PSP Gamma | C7: 64 | D7: 1
A8: 46268 | B8: PSP Alfa | C8: 213 | D8: 0
A9: 46268 | B9: PSP Beta | C9: 105 | D9: 0
A10: 46268 | B10: PSP Gamma | C10: 80 | D10: 1
A11: 46269 | B11: PSP Alfa | C11: 205 | D11: 0
A12: 46269 | B12: PSP Beta | C12: 138 | D12: 0
A13: 46269 | B13: PSP Gamma | C13: 76 | D13: 0
... A91: 46295 | B91: PSP Gamma | C91: 75 | D91: 2

Sheet data_журнал
A1: Номер | B1: Дата | C1: PSP | D1: ID транзакции | E1: Тип | F1: Сумма, ₽ | G1: Причина | H1: Статус
A2: BR-001 | B2: 46266 | C2: PSP Gamma | D2: GAM-0901-0000 | E2: Нет в учёте | F2: 10601.75 | G2: Возврат (refund) не загрузился во внутренний учёт | H2: Закрыто
A3: BR-002 | B3: 46267 | C3: PSP Gamma | D3: GAM-0902-0000 | E3: Нет у PSP | F3: 11527.01 | G3: Транзакция попала в выписку следующего дня (cut-off) | H3: Закрыто
A4: BR-003 | B4: 46268 | C4: PSP Gamma | D4: GAM-0903-0000 | E4: Нет у PSP | F4: 12598.96 | G4: Транзакция попала в выписку следующего дня (cut-off) | H4: Закрыто
A5: BR-004 | B5: 46271 | C5: PSP Gamma | D5: GAM-0906-0000 | E5: Комиссия | F5: 888.5 | G5: PSP применил старую тарифную сетку | H5: Закрыто
A6: BR-005 | B6: 46271 | C6: PSP Gamma | D6: GAM-0906-0001 | E6: Нет в учёте | F6: 15744 | G6: Возврат (refund) не загрузился во внутренний учёт | H6: Закрыто
A7: BR-006 | B7: 46272 | C7: PSP Gamma | D7: GAM-0907-0000 | E7: Нет в учёте | F7: 9718.19 | G7: Возврат (refund) не загрузился во внутренний учёт | H7: Закрыто
A8: BR-007 | B8: 46272 | C8: PSP Gamma | D8: GAM-0907-0001 | E8: Сумма | F8: 1727.97 | G8: Частичный возврат у PSP не отражён во внутреннем учёте | H8: Закрыто
A9: BR-008 | B9: 46272 | C9: PSP Gamma | D9: GAM-0907-0002 | E9: Комиссия | F9: 635.96 | G9: PSP применил старую тарифную сетку | H9: Закрыто
A10: BR-009 | B10: 46273 | C10: PSP Gamma | D10: GAM-0908-0000 | E10: Нет в учёте | F10: 14693.71 | G10: Возврат (refund) не загрузился во внутренний учёт | H10: Закрыто
A11: BR-010 | B11: 46274 | C11: PSP Gamma | D11: GAM-0909-0000 | E11: Комиссия | F11: 352.9 | G11: PSP применил старую тарифную сетку | H11: Закрыто
A12: BR-011 | B12: 46275 | C12: PSP Alfa | D12: ALF-0910-0000 | E12: Сумма | F12: 1866.01 | G12: Частичный возврат у PSP не отражён во внутреннем учёте | H12: Закрыто
A13: BR-012 | B13: 46276 | C13: PSP Alfa | D13: ALF-0911-0000 | E13: Нет в учёте | F13: 18992.04 | G13: Возврат (refund) не загрузился во внутренний учёт | H13: Закрыто
... A54: BR-053 | B54: 46295 | C54: PSP Gamma | D54: GAM-0930-0001 | E54: Статус | F54: 18287.29 | G54: Таймаут: у нас success, у PSP failed — PSP подтвердил позже | H54: Открыто

Sheet data_балансы
A1: Дата | B1: PSP | C1: Ожидаемый баланс, ₽ | D1: Фактический баланс, ₽
A2: 46266 | B2: PSP Alfa | C2: 6099950.6 | D2: 6096324.4
A3: 46267 | B3: PSP Alfa | C3: 6552764.4 | D3: 6562722.1
A4: 46268 | B4: PSP Alfa | C4: 6305944.5 | D4: 6293401.7
A5: 46269 | B5: PSP Alfa | C5: 5733081.1 | D5: 5734263.7
A6: 46270 | B6: PSP Alfa | C6: 6532952.1 | D6: 6528450.9
A7: 46271 | B7: PSP Alfa | C7: 6843153.8 | D7: 6851590.8
A8: 46272 | B8: PSP Alfa | C8: 7155610.3 | D8: 7163237.3
A9: 46273 | B9: PSP Alfa | C9: 7885066.8 | D9: 7876047.6
A10: 46274 | B10: PSP Alfa | C10: 7313598.8 | D10: 7303170.2
A11: 46275 | B11: PSP Alfa | C11: 6890308.1 | D11: 6895391.9
A12: 46276 | B12: PSP Alfa | C12: 7079865.5 | D12: 7071404.5
A13: 46277 | B13: PSP Alfa | C13: 7459116.5 | D13: 7467123.5
... A91: 46295 | B91: PSP Gamma | C91: 9678184.6 | D91: 9631402

Sheet data_платежи
A1: Неделя | B1: PSP | C1: Регион | D1: Тип | E1: Транзакций | F1: Успешных | G1: Неуспешных | H1: Оборот, ₽ | I1: Комиссия, ₽
A2: 2026-W36 | B2: PSP Alfa | C2: Москва | D2: Депозит | E2: 1332 | F2: 1248 | G2: 84 | H2: 6018312.9 | I2: 132402.88
A3: 2026-W36 | B3: PSP Alfa | C3: Москва | D3: Вывод | E3: 273 | F3: 252 | G3: 21 | H3: 2954148.6 | I3: 35449.78
A4: 2026-W36 | B4: PSP Alfa | C4: Другие регионы | D4: Депозит | E4: 778 | F4: 703 | G4: 75 | H4: 3622743.4 | I4: 79700.36
A5: 2026-W36 | B5: PSP Alfa | C5: Другие регионы | D5: Вывод | E5: 138 | F5: 118 | G5: 20 | H5: 1243491 | I5: 14921.89
A6: 2026-W36 | B6: PSP Alfa | C6: Санкт-Петербург | D6: Депозит | E6: 529 | F6: 494 | G6: 35 | H6: 2014147.3 | I6: 44311.24
A7: 2026-W36 | B7: PSP Alfa | C7: Санкт-Петербург | D7: Вывод | E7: 93 | F7: 87 | G7: 6 | H7: 1087384.1 | I7: 13048.61
A8: 2026-W36 | B8: PSP Beta | C8: Москва | D8: Депозит | E8: 914 | F8: 804 | G8: 110 | H8: 3608022.7 | I8: 101024.64
A9: 2026-W36 | B9: PSP Beta | C9: Москва | D9: Вывод | E9: 153 | F9: 130 | G9: 23 | H9: 1450818.6 | I9: 21762.28
A10: 2026-W36 | B10: PSP Beta | C10: Другие регионы | D10: Депозит | E10: 486 | F10: 396 | G10: 90 | H10: 1458330.9 | I10: 40833.26
A11: 2026-W36 | B11: PSP Beta | C11: Другие регионы | D11: Вывод | E11: 110 | F11: 93 | G11: 17 | H11: 1104467.6 | I11: 16567.01
A12: 2026-W36 | B12: PSP Beta | C12: Санкт-Петербург | D12: Депозит | E12: 366 | F12: 333 | G12: 33 | H12: 1613239.5 | I12: 45170.71
A13: 2026-W36 | B13: PSP Beta | C13: Санкт-Петербург | D13: Вывод | E13: 64 | F13: 54 | G13: 10 | H13: 690192.58 | I13: 10352.89
... A73: 2026-W39 | B73: PSP Gamma | C73: Санкт-Петербург | D73: Вывод | E73: 41 | F73: 32 | G73: 9 | H73: 385025.04 | I73: 7700.5
